listing_id,title,price_raw,condition,condition_notes,seller_rating_pct,seller_location,shipping_cost_usd,bids,listed_date,watchers
1d979206-a0a,AeroBook Pro 14 (Used - Fair) Free Shipping,$141.43,Used - Fair,,90.1,SG,4.99,9.0,2025-07-27T00:00:00,11
672dbd18-6ee,** NimbusPad 2-in-1 ** For Parts/Not Working ** SALE **,$41.78,For Parts/Not Working,"Missing charger, otherwise good condition",87.9,AU,9.99,,2026-02-03T00:00:00,4
8fc911ab-45f,** TravelLite 12 ** Used - Excellent ** SALE **,$766.65,Used - Excellent,"Barely used, works great! Minor scuff on lid.",88.2,AU,14.99,21.0,2026-07-04T00:00:00,9
394473e3-ed9,AEROBOOK AIR 13 - New - L@@K!!,$769.65,New,"Barely used, works great! Minor scuff on lid.",85.7,UK,0.0,5.0,2025-03-07T00:00:00,52
d8853a1e-1d7,Genuine AeroBook Pro 14 Used - Good Tested Working,,Used - Good,"Like new, opened for inspection only",95.3,IN,0.0,,2025-08-07T00:00:00,48
819856ed-ebf,aerobook air 13 used - excellent bundle w/ charger,$718.88,Used - Excellent,"Barely used, works great! Minor scuff on lid.",96.9,AU,9.99,,2025-06-11T00:00:00,1
b5a704b0-e50,Genuine AeroBook Pro 14 New Tested Working,$766.87,New,"Tested and fully functional, battery holds charge ~4hrs",94.6,IN,4.99,5.0,2025-02-08T00:00:00,38
fe610e16-1d8,nimbuspad 2-in-1 used - fair bundle w/ charger,,Used - Fair,"SCREEN HAS DEAD PIXEL - sold as is, no returns",97.9,IN,9.99,,2025-08-02T00:00:00,17
c6718f7b-20e,AeroBook Pro 14 (Open Box) Free Shipping,"$1,129.77",Open Box,"Missing charger, otherwise good condition",90.0,SG,4.99,,2025-02-23T00:00:00,59
1ee1a5dc-fc8,** AeroBook Air 13 ** New ** SALE **,$945.59,New,"Like new, opened for inspection only",86.7,CA,0.0,,2026-02-27T00:00:00,55
eff3a0c1-458,AEROBOOK AIR 13 - New - L@@K!!,$994.89,New,"AS-IS FOR PARTS, board may be dead",94.5,UK,0.0,,2025-02-02T00:00:00,44
c59fd864-a95,** TitanForce 15 Gaming ** Open Box ** SALE **,$723.05,Open Box,"Tested and fully functional, battery holds charge ~4hrs",93.3,CA,0.0,16.0,2026-05-16T00:00:00,55
d893b23d-498,workhorse elitebook x used - good bundle w/ charger,$557.45,Used - Good,"Tested and fully functional, battery holds charge ~4hrs",98.5,DE,0.0,,2026-04-27T00:00:00,46
c52c0253-025,AeroBook Pro 14 Laptop Used - Good - FAST SHIP,$588.67,Used - Good,"Keyboard sticky on a few keys, everything else works",87.0,UK,0.0,2.0,2025-01-17T00:00:00,30
e7f00b72-b6d,AEROBOOK AIR 13 - For Parts/Not Working - L@@K!!,,For Parts/Not Working,"Like new, opened for inspection only",95.6,US,14.99,,2025-12-07T00:00:00,33
7f0abc4d-bc5,NimbusPad 2-in-1 Laptop Used - Excellent - FAST SHIP,,Used - Excellent,,95.1,US,0.0,,2026-04-22T00:00:00,39
f3ae7f0f-ec6,** TitanForce 15 Gaming ** Open Box ** SALE **,$948.83,Open Box,"AS-IS FOR PARTS, board may be dead",96.3,SG,14.99,,2025-08-19T00:00:00,20
4d715df5-87f,** TitanForce 15 Gaming ** Used - Fair ** SALE **,$227.15,Used - Fair,,93.0,UK,4.99,25.0,2025-03-09T00:00:00,12
946465b7-70a,Genuine NimbusPad 2-in-1 New Tested Working,$800.82,New,"Tested and fully functional, battery holds charge ~4hrs",92.8,AU,0.0,,2025-05-16T00:00:00,30
3dbd9e28-ffa,Genuine NimbusPad 2-in-1 For Parts/Not Working Tested Working,$149.93,For Parts/Not Working,"Like new, opened for inspection only",96.8,DE,9.99,16.0,2026-04-01T00:00:00,29
d7f4da2d-936,Genuine AeroBook Air 13 Used - Excellent Tested Working,$613.83,Used - Excellent,"Tested and fully functional, battery holds charge ~4hrs",87.4,IN,0.0,,2025-06-29T00:00:00,53
a33a4119-234,** TravelLite 12 ** Open Box ** SALE **,$559.97,Open Box,"Barely used, works great! Minor scuff on lid.",99.7,CA,0.0,5.0,2026-07-01T00:00:00,19
beafbbb5-886,aerobook pro 14 used - good bundle w/ charger,$629.72,Used - Good,"Like new, opened for inspection only",89.4,UK,9.99,25.0,2026-03-29T00:00:00,21
e21fbc37-675,TravelLite 12 Laptop Used - Good - FAST SHIP,,Used - Good,"Like new, opened for inspection only",94.6,IN,9.99,,2025-10-12T00:00:00,12
777691a0-be5,WorkHorse EliteBook X Laptop Used - Good - FAST SHIP,$409.18,Used - Good,"Like new, opened for inspection only",95.7,DE,0.0,,2025-01-13T00:00:00,18
b27628a6-3fb,** TitanForce 15 Gaming ** Used - Good ** SALE **,$400.57,Used - Good,"Keyboard sticky on a few keys, everything else works",91.2,SG,9.99,4.0,2025-08-01T00:00:00,19
2d1b345c-f06,workhorse elitebook x used - excellent bundle w/ charger,$758.10,Used - Excellent,"AS-IS FOR PARTS, board may be dead",96.3,CA,0.0,,2026-01-26T00:00:00,18
3e6695a7-6d1,** AeroBook Pro 14 ** Used - Excellent ** SALE **,$631.25,Used - Excellent,"AS-IS FOR PARTS, board may be dead",95.0,UK,4.99,,2025-09-08T00:00:00,1
0a06e640-a8a,Genuine TitanForce 15 Gaming Used - Good Tested Working,$500.95,Used - Good,"SCREEN HAS DEAD PIXEL - sold as is, no returns",96.0,US,0.0,,2025-03-01T00:00:00,9
200fa636-d8b,** TravelLite 12 ** Open Box ** SALE **,$542.90,Open Box,"SCREEN HAS DEAD PIXEL - sold as is, no returns",96.5,CA,0.0,5.0,2025-11-27T00:00:00,55
433d4cb8-9b0,TravelLite 12 (Used - Excellent) Free Shipping,$517.95,Used - Excellent,"Like new, opened for inspection only",91.2,CA,0.0,,2026-05-31T00:00:00,14
40fd20d6-4dd,WorkHorse EliteBook X Laptop Used - Fair - FAST SHIP,$308.78,Used - Fair,"SCREEN HAS DEAD PIXEL - sold as is, no returns",98.9,DE,0.0,,2026-01-07T00:00:00,8
14f934e9-e6d,WORKHORSE ELITEBOOK X - Used - Fair - L@@K!!,,Used - Fair,"Missing charger, otherwise good condition",88.1,US,4.99,25.0,2025-04-25T00:00:00,4
a86b9987-84d,NimbusPad 2-in-1 Laptop Used - Good - FAST SHIP,$421.65,Used - Good,Cracked hinge but powers on fine,96.3,SG,0.0,6.0,2025-07-24T00:00:00,11
67902b4a-7d4,aerobook pro 14 new bundle w/ charger,$869.44,New,"Missing charger, otherwise good condition",86.0,SG,9.99,16.0,2025-08-11T00:00:00,45
8c11d913-755,TitanForce 15 Gaming (Open Box) Free Shipping,$898.11,Open Box,"Tested and fully functional, battery holds charge ~4hrs",99.4,CA,0.0,13.0,2025-08-08T00:00:00,32
01d9c7f1-50a,AeroBook Pro 14 (Used - Excellent) Free Shipping,$403.46,Used - Excellent,"AS-IS FOR PARTS, board may be dead",89.3,IN,14.99,,2026-03-31T00:00:00,14
5fea6d11-950,Genuine TitanForce 15 Gaming Used - Good Tested Working,$506.14,Used - Good,"SCREEN HAS DEAD PIXEL - sold as is, no returns",92.8,AU,0.0,,2026-02-09T00:00:00,25
1a9e54c4-ba3,AeroBook Pro 14 Laptop For Parts/Not Working - FAST SHIP,$116.32,For Parts/Not Working,"Missing charger, otherwise good condition",95.9,UK,14.99,18.0,2025-10-07T00:00:00,48
d11bb503-9a7,TravelLite 12 Laptop Used - Good - FAST SHIP,,Used - Good,Cracked hinge but powers on fine,88.5,CA,0.0,,2025-02-24T00:00:00,53
2c597716-a59,travellite 12 new bundle w/ charger,"$1,205.07",New,"AS-IS FOR PARTS, board may be dead",88.0,AU,4.99,8.0,2025-12-18T00:00:00,51
17ce62c4-6de,Genuine WorkHorse EliteBook X New Tested Working,"$1,316.10",New,"Barely used, works great! Minor scuff on lid.",,IN,14.99,9.0,2025-06-18T00:00:00,31
8f8cbbe8-e4f,titanforce 15 gaming for parts/not working bundle w/ charger,$93.87,For Parts/Not Working,"Tested and fully functional, battery holds charge ~4hrs",90.9,DE,9.99,19.0,2025-12-28T00:00:00,49
ee544614-808,TitanForce 15 Gaming (New) Free Shipping,$804.20,New,"Keyboard sticky on a few keys, everything else works",90.2,UK,4.99,,2025-09-08T00:00:00,15
20a0a20e-5ce,** TitanForce 15 Gaming ** Used - Fair ** SALE **,$144.29,Used - Fair,"Keyboard sticky on a few keys, everything else works",98.5,UK,0.0,18.0,2025-01-23T00:00:00,20
a18e4317-9f3,NimbusPad 2-in-1 (Used - Excellent) Free Shipping,$485.79,Used - Excellent,"Tested and fully functional, battery holds charge ~4hrs",90.5,DE,0.0,25.0,2025-03-19T00:00:00,53
d75c9d07-2f6,aerobook air 13 used - excellent bundle w/ charger,,Used - Excellent,"SCREEN HAS DEAD PIXEL - sold as is, no returns",89.1,IN,9.99,6.0,2025-12-22T00:00:00,50
82596c65-96c,titanforce 15 gaming used - fair bundle w/ charger,$229.38,Used - Fair,"Tested and fully functional, battery holds charge ~4hrs",94.4,IN,0.0,6.0,2026-04-24T00:00:00,17
e158ea13-865,WORKHORSE ELITEBOOK X - Used - Fair - L@@K!!,$135.23,Used - Fair,"Tested and fully functional, battery holds charge ~4hrs",96.5,SG,4.99,2.0,2025-07-28T00:00:00,54
ac3881d7-dae,TitanForce 15 Gaming (For Parts/Not Working) Free Shipping,$36.29,For Parts/Not Working,"AS-IS FOR PARTS, board may be dead",99.9,DE,14.99,6.0,2025-06-13T00:00:00,17
a7102b1c-daa,TitanForce 15 Gaming Laptop Used - Excellent - FAST SHIP,$915.39,Used - Excellent,"Like new, opened for inspection only",98.0,DE,0.0,2.0,2026-02-11T00:00:00,60
7334c428-0b1,AeroBook Air 13 (Open Box) Free Shipping,"$1,077.47",Open Box,"AS-IS FOR PARTS, board may be dead",88.6,US,0.0,,2026-02-04T00:00:00,51
4d82afdf-ce3,aerobook air 13 used - good bundle w/ charger,$311.88,Used - Good,"Like new, opened for inspection only",86.7,IN,4.99,7.0,2025-10-12T00:00:00,56
cd6ce5c2-730,AeroBook Air 13 Laptop Used - Excellent - FAST SHIP,$593.89,Used - Excellent,"Missing charger, otherwise good condition",90.8,AU,14.99,,2025-05-05T00:00:00,34
65d50b04-f67,NimbusPad 2-in-1 (Used - Good) Free Shipping,,Used - Good,"Missing charger, otherwise good condition",87.4,DE,14.99,,2026-02-21T00:00:00,50
f2013725-30e,** AeroBook Pro 14 ** Used - Good ** SALE **,$589.21,Used - Good,Cracked hinge but powers on fine,90.3,IN,14.99,23.0,2025-12-01T00:00:00,29
d400af8b-52c,AeroBook Pro 14 Laptop For Parts/Not Working - FAST SHIP,$99.51,For Parts/Not Working,"SCREEN HAS DEAD PIXEL - sold as is, no returns",92.7,SG,14.99,19.0,2026-02-25T00:00:00,50
83428edd-707,NimbusPad 2-in-1 (Used - Good) Free Shipping,$426.46,Used - Good,"Tested and fully functional, battery holds charge ~4hrs",90.7,SG,9.99,,2025-01-24T00:00:00,59
37eb6a59-65a,workhorse elitebook x for parts/not working bundle w/ charger,$37.25,For Parts/Not Working,Cracked hinge but powers on fine,99.4,CA,9.99,,2026-06-23T00:00:00,27
25837d1a-887,Genuine NimbusPad 2-in-1 For Parts/Not Working Tested Working,$66.52,For Parts/Not Working,"Tested and fully functional, battery holds charge ~4hrs",88.1,CA,0.0,6.0,2026-03-05T00:00:00,11
ff0fae54-766,AeroBook Air 13 Laptop New - FAST SHIP,$891.80,New,"AS-IS FOR PARTS, board may be dead",89.8,AU,4.99,22.0,2026-01-28T00:00:00,45
cc624077-180,** WorkHorse EliteBook X ** Used - Excellent ** SALE **,$439.65,Used - Excellent,"Barely used, works great! Minor scuff on lid.",,IN,9.99,,2026-02-09T00:00:00,42
04fbec96-1be,workhorse elitebook x new bundle w/ charger,"$1,045.71",New,"Keyboard sticky on a few keys, everything else works",86.8,US,0.0,8.0,2026-01-05T00:00:00,59
934528f6-388,TITANFORCE 15 GAMING - Used - Fair - L@@K!!,$165.76,Used - Fair,,94.9,SG,4.99,,2025-06-02T00:00:00,3
12db0b43-6a2,** AeroBook Pro 14 ** Used - Good ** SALE **,$620.18,Used - Good,,92.4,SG,14.99,3.0,2025-12-24T00:00:00,5
1aa98e70-6c0,TitanForce 15 Gaming Laptop Open Box - FAST SHIP,"$1,106.26",Open Box,,87.7,US,0.0,21.0,2025-04-07T00:00:00,56
a57e1164-8bd,Genuine TitanForce 15 Gaming For Parts/Not Working Tested Working,$59.10,For Parts/Not Working,"AS-IS FOR PARTS, board may be dead",99.3,IN,14.99,,2025-02-14T00:00:00,41
e16c00dc-dbc,NimbusPad 2-in-1 (Used - Excellent) Free Shipping,$930.65,Used - Excellent,"Like new, opened for inspection only",96.2,IN,9.99,,2026-02-13T00:00:00,16
3a6a6d8c-f12,NimbusPad 2-in-1 (New) Free Shipping,$640.24,New,"AS-IS FOR PARTS, board may be dead",96.0,UK,14.99,11.0,2025-04-09T00:00:00,53
d24d8db3-398,AEROBOOK AIR 13 - Used - Good - L@@K!!,$470.76,Used - Good,"Keyboard sticky on a few keys, everything else works",86.4,IN,0.0,21.0,2025-08-18T00:00:00,41
1c679fc8-0a2,AEROBOOK AIR 13 - Used - Good - L@@K!!,,Used - Good,Cracked hinge but powers on fine,92.8,UK,9.99,,2025-03-20T00:00:00,58
b88c1a5e-ced,aerobook pro 14 used - fair bundle w/ charger,$166.99,Used - Fair,"Barely used, works great! Minor scuff on lid.",94.9,CA,0.0,1.0,2025-03-27T00:00:00,26
8459e50e-01c,TITANFORCE 15 GAMING - Used - Excellent - L@@K!!,,Used - Excellent,"Missing charger, otherwise good condition",96.2,IN,0.0,3.0,2026-03-21T00:00:00,34
4e9b2440-669,NimbusPad 2-in-1 (New) Free Shipping,,New,"Like new, opened for inspection only",99.4,AU,4.99,2.0,2025-05-09T00:00:00,8
7460a0df-eaf,aerobook pro 14 new bundle w/ charger,"$1,309.06",New,"Missing charger, otherwise good condition",96.5,CA,4.99,3.0,2025-06-20T00:00:00,57
29738e7c-aff,TravelLite 12 Laptop Used - Good - FAST SHIP,$532.57,Used - Good,"Like new, opened for inspection only",,AU,14.99,13.0,2026-05-23T00:00:00,47
496352c3-0ef,Genuine TravelLite 12 Used - Fair Tested Working,$362.13,Used - Fair,"Missing charger, otherwise good condition",92.9,DE,9.99,,2025-03-07T00:00:00,17
09a93ece-9b4,Genuine NimbusPad 2-in-1 Used - Good Tested Working,$458.47,Used - Good,"Like new, opened for inspection only",92.6,IN,14.99,,2026-04-25T00:00:00,8
fdc17dba-ec8,TRAVELLITE 12 - For Parts/Not Working - L@@K!!,$98.93,For Parts/Not Working,"Missing charger, otherwise good condition",96.2,AU,4.99,,2025-07-24T00:00:00,10
29ffc549-a94,** AeroBook Pro 14 ** Used - Good ** SALE **,$438.81,Used - Good,"Tested and fully functional, battery holds charge ~4hrs",97.9,IN,0.0,10.0,2026-03-17T00:00:00,7
91d63705-86d,AEROBOOK PRO 14 - Used - Fair - L@@K!!,$123.79,Used - Fair,,86.6,US,4.99,24.0,2025-04-24T00:00:00,6
8aa3c4e6-e16,WorkHorse EliteBook X (New) Free Shipping,"$1,145.18",New,"AS-IS FOR PARTS, board may be dead",92.5,SG,0.0,,2026-01-08T00:00:00,21
c0f3239f-09b,AeroBook Pro 14 Laptop Open Box - FAST SHIP,$779.84,Open Box,Cracked hinge but powers on fine,96.3,UK,14.99,4.0,2026-06-27T00:00:00,26
79e50feb-8be,AEROBOOK AIR 13 - Used - Good - L@@K!!,$507.59,Used - Good,"Barely used, works great! Minor scuff on lid.",92.8,US,0.0,,2026-02-16T00:00:00,49
502f22d8-85e,** AeroBook Pro 14 ** Used - Good ** SALE **,$650.12,Used - Good,,91.3,AU,14.99,9.0,2025-11-18T00:00:00,58
19d8741a-93f,Genuine TitanForce 15 Gaming Used - Fair Tested Working,$381.59,Used - Fair,"Like new, opened for inspection only",96.7,DE,0.0,2.0,2025-02-07T00:00:00,34
d02ec40a-c76,** TravelLite 12 ** For Parts/Not Working ** SALE **,$96.83,For Parts/Not Working,"Tested and fully functional, battery holds charge ~4hrs",,SG,9.99,7.0,2025-11-08T00:00:00,46
b92048cc-a37,Genuine WorkHorse EliteBook X New Tested Working,"$1,372.91",New,Cracked hinge but powers on fine,85.1,UK,0.0,18.0,2026-07-01T00:00:00,54
ef4636bc-b62,TitanForce 15 Gaming (Used - Excellent) Free Shipping,$700.08,Used - Excellent,,97.3,UK,4.99,,2026-03-12T00:00:00,53
ea788cde-8b1,Genuine AeroBook Pro 14 New Tested Working,"$1,015.07",New,Cracked hinge but powers on fine,94.5,DE,14.99,15.0,2026-03-03T00:00:00,52
7a51cbfa-462,WorkHorse EliteBook X Laptop Open Box - FAST SHIP,$791.02,Open Box,"Tested and fully functional, battery holds charge ~4hrs",90.5,US,9.99,3.0,2025-05-04T00:00:00,23
e023ff66-569,aerobook pro 14 used - fair bundle w/ charger,$228.57,Used - Fair,"Keyboard sticky on a few keys, everything else works",,UK,0.0,,2026-05-16T00:00:00,0
d18de697-eb9,** TitanForce 15 Gaming ** New ** SALE **,"$1,299.57",New,"Tested and fully functional, battery holds charge ~4hrs",92.6,DE,4.99,4.0,2025-11-30T00:00:00,5
0ca2574f-c76,** TravelLite 12 ** Used - Fair ** SALE **,$415.74,Used - Fair,"SCREEN HAS DEAD PIXEL - sold as is, no returns",95.6,IN,14.99,22.0,2025-11-13T00:00:00,35
74b96769-293,travellite 12 used - fair bundle w/ charger,$417.21,Used - Fair,"Barely used, works great! Minor scuff on lid.",99.0,CA,0.0,,2025-07-30T00:00:00,15
84c77baa-81a,WORKHORSE ELITEBOOK X - Used - Good - L@@K!!,$462.24,Used - Good,"Keyboard sticky on a few keys, everything else works",,IN,0.0,,2025-04-04T00:00:00,7
1d5b7db9-9c5,WorkHorse EliteBook X (Open Box) Free Shipping,$564.39,Open Box,"Tested and fully functional, battery holds charge ~4hrs",,US,0.0,,2025-11-24T00:00:00,9
fb6d7b50-3e0,titanforce 15 gaming used - excellent bundle w/ charger,$459.51,Used - Excellent,"Keyboard sticky on a few keys, everything else works",89.0,UK,4.99,2.0,2026-05-11T00:00:00,1
611b8e6d-a83,Genuine AeroBook Air 13 New Tested Working,$836.34,New,"AS-IS FOR PARTS, board may be dead",94.5,CA,0.0,,2025-06-22T00:00:00,50
454954ba-45e,Genuine NimbusPad 2-in-1 Used - Fair Tested Working,,Used - Fair,Cracked hinge but powers on fine,97.6,DE,0.0,6.0,2026-06-07T00:00:00,18
285d67d9-16e,Genuine TravelLite 12 Used - Fair Tested Working,$148.58,Used - Fair,"Missing charger, otherwise good condition",99.4,UK,14.99,20.0,2025-09-25T00:00:00,48
36bf7e2c-6a0,TitanForce 15 Gaming Laptop Open Box - FAST SHIP,$647.03,Open Box,"AS-IS FOR PARTS, board may be dead",,US,14.99,,2026-05-16T00:00:00,48
2db2a8d2-17b,Genuine AeroBook Pro 14 For Parts/Not Working Tested Working,$51.16,For Parts/Not Working,"Like new, opened for inspection only",97.6,SG,14.99,3.0,2026-04-19T00:00:00,23
7702a567-d30,NimbusPad 2-in-1 (New) Free Shipping,$884.16,New,"Missing charger, otherwise good condition",92.4,UK,0.0,,2025-08-03T00:00:00,0
ee4a73b2-cbc,travellite 12 used - good bundle w/ charger,$334.63,Used - Good,"Tested and fully functional, battery holds charge ~4hrs",86.9,US,0.0,,2025-08-22T00:00:00,56
2bb142c3-d63,TitanForce 15 Gaming Laptop Open Box - FAST SHIP,$627.39,Open Box,"Keyboard sticky on a few keys, everything else works",99.1,US,0.0,13.0,2025-10-08T00:00:00,7
48567aa5-b83,NimbusPad 2-in-1 Laptop Used - Good - FAST SHIP,$334.61,Used - Good,"Keyboard sticky on a few keys, everything else works",86.2,IN,0.0,7.0,2026-03-10T00:00:00,4
f7b92f8d-251,AeroBook Air 13 (Open Box) Free Shipping,,Open Box,Cracked hinge but powers on fine,92.1,UK,0.0,16.0,2025-08-31T00:00:00,60
e375f90f-690,** WorkHorse EliteBook X ** Used - Fair ** SALE **,$378.42,Used - Fair,"SCREEN HAS DEAD PIXEL - sold as is, no returns",85.9,SG,4.99,,2026-03-19T00:00:00,4
a4fe83e8-751,aerobook pro 14 used - fair bundle w/ charger,$255.39,Used - Fair,"Barely used, works great! Minor scuff on lid.",92.0,DE,9.99,10.0,2025-01-27T00:00:00,29
8037a3fa-93e,workhorse elitebook x open box bundle w/ charger,,Open Box,Cracked hinge but powers on fine,92.2,IN,4.99,,2025-05-21T00:00:00,51
a81760be-402,Genuine AeroBook Air 13 Used - Excellent Tested Working,$648.69,Used - Excellent,Cracked hinge but powers on fine,89.4,US,9.99,21.0,2025-05-29T00:00:00,3
b978f59a-86e,** WorkHorse EliteBook X ** New ** SALE **,"$1,045.57",New,"AS-IS FOR PARTS, board may be dead",90.0,IN,9.99,19.0,2025-11-03T00:00:00,26
8750f636-eda,AEROBOOK PRO 14 - Used - Good - L@@K!!,$611.78,Used - Good,"Missing charger, otherwise good condition",96.5,SG,0.0,12.0,2025-07-30T00:00:00,25
20030fb7-7a1,AeroBook Pro 14 (Used - Excellent) Free Shipping,$761.21,Used - Excellent,"Barely used, works great! Minor scuff on lid.",88.0,UK,0.0,,2025-09-26T00:00:00,46
58865a30-e60,WorkHorse EliteBook X Laptop Open Box - FAST SHIP,$541.41,Open Box,"Like new, opened for inspection only",89.6,CA,0.0,21.0,2025-06-25T00:00:00,60
0615de06-2bc,WorkHorse EliteBook X (Used - Good) Free Shipping,$597.02,Used - Good,"Like new, opened for inspection only",99.7,CA,0.0,18.0,2025-07-13T00:00:00,54
79dbbf05-fba,** AeroBook Air 13 ** Used - Excellent ** SALE **,$538.25,Used - Excellent,"SCREEN HAS DEAD PIXEL - sold as is, no returns",96.9,IN,0.0,,2026-02-02T00:00:00,48
aea5ec41-de5,WorkHorse EliteBook X (Used - Excellent) Free Shipping,$560.04,Used - Excellent,"Keyboard sticky on a few keys, everything else works",96.9,AU,0.0,,2025-07-27T00:00:00,28
a9d65cca-756,NimbusPad 2-in-1 Laptop Open Box - FAST SHIP,$924.83,Open Box,Cracked hinge but powers on fine,90.3,IN,0.0,19.0,2025-12-11T00:00:00,27
106643b0-464,NimbusPad 2-in-1 Laptop Used - Good - FAST SHIP,,Used - Good,Cracked hinge but powers on fine,92.7,AU,0.0,7.0,2025-04-11T00:00:00,7
ceaccf96-a60,** AeroBook Pro 14 ** Used - Fair ** SALE **,$324.79,Used - Fair,"Tested and fully functional, battery holds charge ~4hrs",96.3,AU,9.99,0.0,2025-11-03T00:00:00,18
96675a1a-375,NIMBUSPAD 2-IN-1 - Used - Good - L@@K!!,$567.73,Used - Good,"Missing charger, otherwise good condition",88.1,CA,9.99,17.0,2026-04-25T00:00:00,46
2b1cdb62-a6f,TitanForce 15 Gaming (New) Free Shipping,$935.27,New,"Tested and fully functional, battery holds charge ~4hrs",86.9,AU,0.0,21.0,2025-12-30T00:00:00,21
88ec5e90-38b,NIMBUSPAD 2-IN-1 - For Parts/Not Working - L@@K!!,$84.34,For Parts/Not Working,"Tested and fully functional, battery holds charge ~4hrs",99.9,IN,14.99,19.0,2026-02-05T00:00:00,24
02ed07cf-ff3,NimbusPad 2-in-1 Laptop New - FAST SHIP,$943.07,New,,97.4,IN,4.99,,2025-07-23T00:00:00,4
cd17ce93-a9c,Genuine NimbusPad 2-in-1 Used - Excellent Tested Working,$627.78,Used - Excellent,"Keyboard sticky on a few keys, everything else works",86.7,IN,4.99,2.0,2026-02-03T00:00:00,57
c8d4e599-0c3,** AeroBook Air 13 ** Open Box ** SALE **,$910.75,Open Box,"AS-IS FOR PARTS, board may be dead",85.1,CA,4.99,,2026-02-13T00:00:00,38
b7b2b503-c6f,Genuine WorkHorse EliteBook X Used - Excellent Tested Working,$702.12,Used - Excellent,"Like new, opened for inspection only",95.7,UK,4.99,25.0,2025-06-29T00:00:00,26
8b292897-b7f,WORKHORSE ELITEBOOK X - For Parts/Not Working - L@@K!!,$98.25,For Parts/Not Working,Cracked hinge but powers on fine,93.1,AU,0.0,23.0,2025-08-11T00:00:00,58
a01a2d39-aff,workhorse elitebook x new bundle w/ charger,"$1,293.13",New,"Barely used, works great! Minor scuff on lid.",86.1,AU,14.99,12.0,2025-12-18T00:00:00,47
aee90743-194,AeroBook Air 13 Laptop Used - Good - FAST SHIP,$301.06,Used - Good,,95.7,DE,0.0,8.0,2025-06-15T00:00:00,10
f89d4d75-e56,Genuine WorkHorse EliteBook X New Tested Working,$768.01,New,"Like new, opened for inspection only",95.7,AU,9.99,,2025-02-18T00:00:00,53
f94b79e6-6d2,Genuine WorkHorse EliteBook X For Parts/Not Working Tested Working,$88.00,For Parts/Not Working,"Missing charger, otherwise good condition",90.6,CA,0.0,,2026-03-08T00:00:00,1
32bc4ef4-aae,TitanForce 15 Gaming Laptop Open Box - FAST SHIP,$624.04,Open Box,"Keyboard sticky on a few keys, everything else works",97.2,UK,9.99,19.0,2025-08-01T00:00:00,59
1900ffa7-c9b,NIMBUSPAD 2-IN-1 - New - L@@K!!,$788.35,New,"SCREEN HAS DEAD PIXEL - sold as is, no returns",89.2,IN,0.0,,2025-08-12T00:00:00,26
e2e84a38-ae9,workhorse elitebook x used - good bundle w/ charger,$735.20,Used - Good,"Like new, opened for inspection only",95.4,AU,14.99,,2025-06-29T00:00:00,40
c2e838df-687,** TravelLite 12 ** Used - Excellent ** SALE **,$435.19,Used - Excellent,"Missing charger, otherwise good condition",95.6,US,0.0,,2025-05-08T00:00:00,19
1c95f171-11a,** NimbusPad 2-in-1 ** Open Box ** SALE **,$502.14,Open Box,"AS-IS FOR PARTS, board may be dead",89.9,UK,0.0,24.0,2025-02-10T00:00:00,33
c557d2cf-714,** NimbusPad 2-in-1 ** For Parts/Not Working ** SALE **,$47.38,For Parts/Not Working,"Missing charger, otherwise good condition",95.4,CA,9.99,16.0,2025-11-26T00:00:00,11
3373c670-f40,aerobook pro 14 new bundle w/ charger,"$1,148.60",New,,99.0,CA,9.99,,2026-04-24T00:00:00,19
18d843c9-f7a,Genuine AeroBook Air 13 Open Box Tested Working,$979.25,Open Box,"SCREEN HAS DEAD PIXEL - sold as is, no returns",90.4,DE,0.0,13.0,2026-06-02T00:00:00,39
6300fbe0-bd0,** AeroBook Air 13 ** Used - Good ** SALE **,$495.89,Used - Good,"Tested and fully functional, battery holds charge ~4hrs",92.0,DE,0.0,,2026-05-08T00:00:00,4
3ec764d5-39c,Genuine TravelLite 12 Used - Good Tested Working,$577.63,Used - Good,"Keyboard sticky on a few keys, everything else works",90.6,DE,0.0,18.0,2025-03-14T00:00:00,26
9971d7d0-c3f,** AeroBook Pro 14 ** Used - Good ** SALE **,$604.09,Used - Good,"AS-IS FOR PARTS, board may be dead",90.5,US,14.99,,2026-03-11T00:00:00,47
bade9945-0da,** NimbusPad 2-in-1 ** New ** SALE **,"$1,387.57",New,"Tested and fully functional, battery holds charge ~4hrs",94.0,AU,0.0,,2025-04-05T00:00:00,41
996589d6-8f5,** NimbusPad 2-in-1 ** Used - Good ** SALE **,$600.51,Used - Good,Cracked hinge but powers on fine,93.0,DE,9.99,,2026-02-26T00:00:00,48
83234946-bfe,** TravelLite 12 ** New ** SALE **,$834.33,New,Cracked hinge but powers on fine,,CA,4.99,,2025-03-13T00:00:00,49
627c153f-6fb,WorkHorse EliteBook X Laptop Used - Good - FAST SHIP,$361.71,Used - Good,"AS-IS FOR PARTS, board may be dead",88.2,CA,0.0,25.0,2025-07-16T00:00:00,16
0b071bf7-feb,NimbusPad 2-in-1 (Used - Good) Free Shipping,$295.26,Used - Good,"Barely used, works great! Minor scuff on lid.",92.2,AU,0.0,,2025-09-30T00:00:00,48
34096499-136,TravelLite 12 (Used - Fair) Free Shipping,$256.40,Used - Fair,"AS-IS FOR PARTS, board may be dead",90.1,DE,0.0,,2025-12-18T00:00:00,20
c1550756-bdb,Genuine TitanForce 15 Gaming For Parts/Not Working Tested Working,$33.75,For Parts/Not Working,"Tested and fully functional, battery holds charge ~4hrs",,US,9.99,,2025-09-12T00:00:00,23
e0771455-3cc,** TravelLite 12 ** For Parts/Not Working ** SALE **,$135.40,For Parts/Not Working,"Like new, opened for inspection only",99.5,AU,0.0,7.0,2026-05-12T00:00:00,25
8053d6e1-3df,AeroBook Pro 14 (Used - Excellent) Free Shipping,$926.25,Used - Excellent,"Missing charger, otherwise good condition",98.0,IN,14.99,4.0,2026-05-25T00:00:00,50
29842c17-7df,TRAVELLITE 12 - Used - Fair - L@@K!!,$235.37,Used - Fair,"SCREEN HAS DEAD PIXEL - sold as is, no returns",99.9,US,0.0,10.0,2026-01-28T00:00:00,49
78ffcdc2-e00,** TravelLite 12 ** Used - Excellent ** SALE **,$733.53,Used - Excellent,"Like new, opened for inspection only",99.0,SG,9.99,,2025-12-18T00:00:00,24
6a2f7cbf-796,TravelLite 12 (For Parts/Not Working) Free Shipping,$53.81,For Parts/Not Working,"SCREEN HAS DEAD PIXEL - sold as is, no returns",90.1,IN,0.0,3.0,2026-01-12T00:00:00,8
a8c25988-764,** NimbusPad 2-in-1 ** Used - Fair ** SALE **,$247.29,Used - Fair,"Tested and fully functional, battery holds charge ~4hrs",94.0,CA,0.0,,2026-04-17T00:00:00,20
07651f80-33b,titanforce 15 gaming open box bundle w/ charger,$849.44,Open Box,"Like new, opened for inspection only",99.9,US,0.0,22.0,2026-05-05T00:00:00,40
5f03b2b1-3f2,NIMBUSPAD 2-IN-1 - Used - Excellent - L@@K!!,$952.73,Used - Excellent,"Barely used, works great! Minor scuff on lid.",96.6,SG,4.99,9.0,2025-06-13T00:00:00,1
cf7a8dc3-c67,TITANFORCE 15 GAMING - Used - Good - L@@K!!,$430.37,Used - Good,,87.0,SG,9.99,1.0,2025-11-08T00:00:00,29
801bd869-beb,WorkHorse EliteBook X (Open Box) Free Shipping,,Open Box,"SCREEN HAS DEAD PIXEL - sold as is, no returns",99.8,CA,4.99,13.0,2025-06-22T00:00:00,59
b7a9844f-95c,Genuine TitanForce 15 Gaming Used - Good Tested Working,$529.47,Used - Good,"Missing charger, otherwise good condition",,CA,4.99,22.0,2025-06-26T00:00:00,41
45aa4590-2dd,TravelLite 12 Laptop For Parts/Not Working - FAST SHIP,$104.07,For Parts/Not Working,"SCREEN HAS DEAD PIXEL - sold as is, no returns",92.3,AU,9.99,,2026-05-07T00:00:00,17
68b04f17-4a0,aerobook pro 14 used - fair bundle w/ charger,,Used - Fair,"Tested and fully functional, battery holds charge ~4hrs",95.5,DE,9.99,25.0,2026-06-27T00:00:00,31
a3b6de70-ee8,workhorse elitebook x used - fair bundle w/ charger,$352.99,Used - Fair,"Tested and fully functional, battery holds charge ~4hrs",,DE,0.0,,2025-05-12T00:00:00,36
a599deef-527,Genuine AeroBook Air 13 New Tested Working,"$1,108.32",New,"Barely used, works great! Minor scuff on lid.",85.7,IN,0.0,14.0,2025-05-24T00:00:00,36
20195fed-218,TitanForce 15 Gaming Laptop Used - Fair - FAST SHIP,$269.92,Used - Fair,"Missing charger, otherwise good condition",97.8,CA,0.0,6.0,2026-01-03T00:00:00,17
07a96ab9-9c9,Genuine WorkHorse EliteBook X Used - Good Tested Working,$566.37,Used - Good,"Tested and fully functional, battery holds charge ~4hrs",86.1,AU,0.0,22.0,2025-07-17T00:00:00,45
25292729-0ec,travellite 12 for parts/not working bundle w/ charger,$70.37,For Parts/Not Working,"Missing charger, otherwise good condition",86.9,US,14.99,2.0,2025-12-04T00:00:00,40
8812a38a-08e,TitanForce 15 Gaming Laptop Used - Excellent - FAST SHIP,$609.58,Used - Excellent,"Tested and fully functional, battery holds charge ~4hrs",98.1,IN,4.99,,2025-12-24T00:00:00,44
c527d7ba-054,** TitanForce 15 Gaming ** Used - Fair ** SALE **,$360.87,Used - Fair,,98.2,DE,4.99,8.0,2025-01-10T00:00:00,43
2ee7c77d-2c0,AEROBOOK AIR 13 - For Parts/Not Working - L@@K!!,$156.09,For Parts/Not Working,"Keyboard sticky on a few keys, everything else works",87.7,UK,4.99,8.0,2026-03-15T00:00:00,33
33eacdd5-f8d,AEROBOOK AIR 13 - Used - Excellent - L@@K!!,$482.63,Used - Excellent,"SCREEN HAS DEAD PIXEL - sold as is, no returns",85.9,AU,0.0,15.0,2025-01-11T00:00:00,60
0973a066-724,WORKHORSE ELITEBOOK X - For Parts/Not Working - L@@K!!,$38.41,For Parts/Not Working,"Barely used, works great! Minor scuff on lid.",95.5,AU,0.0,,2026-06-25T00:00:00,43
d9d5e13b-646,workhorse elitebook x used - good bundle w/ charger,$506.18,Used - Good,"Like new, opened for inspection only",91.3,DE,0.0,,2025-04-26T00:00:00,21
7c511e33-b24,Genuine AeroBook Air 13 Used - Fair Tested Working,$201.77,Used - Fair,"Missing charger, otherwise good condition",98.9,AU,9.99,1.0,2026-04-20T00:00:00,57
998cbe84-18b,NimbusPad 2-in-1 (New) Free Shipping,$859.67,New,"Barely used, works great! Minor scuff on lid.",92.4,US,9.99,4.0,2026-02-25T00:00:00,7
27288589-626,AeroBook Pro 14 (Open Box) Free Shipping,$695.09,Open Box,"SCREEN HAS DEAD PIXEL - sold as is, no returns",94.8,DE,0.0,,2026-03-21T00:00:00,0
20d63097-221,Genuine TravelLite 12 Open Box Tested Working,$741.93,Open Box,Cracked hinge but powers on fine,92.3,DE,14.99,10.0,2026-02-14T00:00:00,32
a7584d59-91e,TravelLite 12 Laptop Used - Good - FAST SHIP,$317.07,Used - Good,"Like new, opened for inspection only",94.0,US,4.99,9.0,2026-05-13T00:00:00,5
c979cec1-5b6,Genuine AeroBook Air 13 Used - Fair Tested Working,$334.53,Used - Fair,"Missing charger, otherwise good condition",96.7,US,14.99,19.0,2025-07-05T00:00:00,12
4cbed2ae-d27,workhorse elitebook x for parts/not working bundle w/ charger,$138.36,For Parts/Not Working,"Missing charger, otherwise good condition",85.8,DE,9.99,,2025-08-25T00:00:00,14
638a25bf-a89,NimbusPad 2-in-1 (New) Free Shipping,"$1,030.93",New,"Barely used, works great! Minor scuff on lid.",85.0,AU,14.99,,2025-10-20T00:00:00,30
54ebd48a-b42,WORKHORSE ELITEBOOK X - New - L@@K!!,"$1,056.61",New,"Like new, opened for inspection only",97.2,AU,9.99,11.0,2025-09-01T00:00:00,41
97069fe7-ef4,WORKHORSE ELITEBOOK X - Used - Good - L@@K!!,$547.27,Used - Good,"Missing charger, otherwise good condition",98.9,US,9.99,9.0,2026-05-01T00:00:00,48
5cf6f8e8-170,TravelLite 12 (Open Box) Free Shipping,,Open Box,"Like new, opened for inspection only",95.8,DE,0.0,16.0,2026-05-31T00:00:00,50
84b8630b-58a,Genuine WorkHorse EliteBook X Used - Excellent Tested Working,$453.25,Used - Excellent,"AS-IS FOR PARTS, board may be dead",98.1,US,0.0,16.0,2026-01-29T00:00:00,35
08cc4056-ae7,Genuine NimbusPad 2-in-1 Used - Fair Tested Working,$342.56,Used - Fair,,92.9,UK,0.0,,2025-10-02T00:00:00,35
64ecb5ed-19c,AeroBook Air 13 Laptop New - FAST SHIP,"$1,193.74",New,"Missing charger, otherwise good condition",88.1,US,0.0,20.0,2026-01-13T00:00:00,20
8cc9aaf4-7fa,TravelLite 12 (Used - Fair) Free Shipping,$337.73,Used - Fair,"Missing charger, otherwise good condition",89.2,UK,0.0,24.0,2025-04-19T00:00:00,46
3d3b691d-23b,** NimbusPad 2-in-1 ** For Parts/Not Working ** SALE **,$62.79,For Parts/Not Working,"Keyboard sticky on a few keys, everything else works",88.5,AU,4.99,,2026-05-06T00:00:00,5
05e901b9-ff3,NIMBUSPAD 2-IN-1 - Open Box - L@@K!!,$610.02,Open Box,"Keyboard sticky on a few keys, everything else works",87.8,CA,0.0,14.0,2026-02-17T00:00:00,6
71803fc2-bb3,AeroBook Air 13 Laptop For Parts/Not Working - FAST SHIP,$34.76,For Parts/Not Working,"Tested and fully functional, battery holds charge ~4hrs",86.3,CA,14.99,25.0,2025-01-10T00:00:00,50
156b984b-556,Genuine TravelLite 12 Used - Excellent Tested Working,$442.48,Used - Excellent,"Tested and fully functional, battery holds charge ~4hrs",93.2,UK,14.99,0.0,2025-02-15T00:00:00,6
de63da57-e10,AeroBook Pro 14 (Used - Fair) Free Shipping,$175.40,Used - Fair,"Missing charger, otherwise good condition",95.3,AU,14.99,3.0,2026-05-19T00:00:00,10
cadf1ca5-907,AeroBook Air 13 Laptop New - FAST SHIP,"$1,198.94",New,"Tested and fully functional, battery holds charge ~4hrs",93.0,IN,0.0,4.0,2025-11-05T00:00:00,39
d6824247-9ba,TITANFORCE 15 GAMING - New - L@@K!!,$966.87,New,"Tested and fully functional, battery holds charge ~4hrs",90.9,AU,4.99,3.0,2026-03-14T00:00:00,46
814d5e44-c13,** AeroBook Pro 14 ** Used - Excellent ** SALE **,$577.21,Used - Excellent,"Like new, opened for inspection only",99.2,CA,4.99,15.0,2026-07-01T00:00:00,31
0ddc40d7-39c,AeroBook Air 13 (Used - Good) Free Shipping,$491.22,Used - Good,"Barely used, works great! Minor scuff on lid.",97.8,UK,9.99,4.0,2025-04-23T00:00:00,3
faa2c564-7c6,TitanForce 15 Gaming Laptop Open Box - FAST SHIP,,Open Box,"Tested and fully functional, battery holds charge ~4hrs",95.4,CA,4.99,22.0,2026-03-11T00:00:00,23
0b15cc77-ed1,AeroBook Pro 14 Laptop For Parts/Not Working - FAST SHIP,$43.36,For Parts/Not Working,"Keyboard sticky on a few keys, everything else works",87.7,AU,0.0,22.0,2025-11-03T00:00:00,30
44205413-e58,titanforce 15 gaming used - good bundle w/ charger,$335.89,Used - Good,"Tested and fully functional, battery holds charge ~4hrs",,SG,4.99,14.0,2025-09-22T00:00:00,58
1f650b3f-e82,Genuine TitanForce 15 Gaming For Parts/Not Working Tested Working,$154.64,For Parts/Not Working,"Barely used, works great! Minor scuff on lid.",87.8,AU,9.99,2.0,2026-04-25T00:00:00,30
c9e1bef1-a6a,travellite 12 used - good bundle w/ charger,,Used - Good,"Like new, opened for inspection only",,UK,0.0,2.0,2025-08-05T00:00:00,38
93a6907c-901,Genuine TitanForce 15 Gaming Open Box Tested Working,$918.34,Open Box,"Barely used, works great! Minor scuff on lid.",,US,0.0,,2026-01-01T00:00:00,48
8d48a623-8d5,** NimbusPad 2-in-1 ** Used - Fair ** SALE **,$307.93,Used - Fair,,97.1,CA,0.0,12.0,2026-05-04T00:00:00,37
7094bf84-f5f,** AeroBook Pro 14 ** Used - Excellent ** SALE **,$401.90,Used - Excellent,"Tested and fully functional, battery holds charge ~4hrs",87.4,IN,9.99,19.0,2026-06-20T00:00:00,59
1beec562-f7e,NIMBUSPAD 2-IN-1 - Open Box - L@@K!!,$722.95,Open Box,"SCREEN HAS DEAD PIXEL - sold as is, no returns",93.5,DE,0.0,4.0,2025-11-13T00:00:00,35
d0c89075-9ed,AEROBOOK PRO 14 - Used - Good - L@@K!!,$275.82,Used - Good,"AS-IS FOR PARTS, board may be dead",92.1,UK,4.99,4.0,2025-05-07T00:00:00,36
51ed6d09-007,TitanForce 15 Gaming (Used - Excellent) Free Shipping,$975.00,Used - Excellent,"SCREEN HAS DEAD PIXEL - sold as is, no returns",92.6,UK,14.99,,2025-02-28T00:00:00,47
5eda3c86-4fe,Genuine TravelLite 12 Used - Fair Tested Working,$224.03,Used - Fair,"SCREEN HAS DEAD PIXEL - sold as is, no returns",92.0,IN,4.99,,2025-07-04T00:00:00,46
f60f7e4e-d3d,NimbusPad 2-in-1 (Used - Good) Free Shipping,$643.95,Used - Good,"AS-IS FOR PARTS, board may be dead",,CA,4.99,,2025-08-07T00:00:00,20
257bbaf1-a4e,** WorkHorse EliteBook X ** Used - Good ** SALE **,$549.63,Used - Good,"Keyboard sticky on a few keys, everything else works",94.5,US,0.0,,2026-02-19T00:00:00,5
a3dda761-f2b,TravelLite 12 (Used - Good) Free Shipping,$396.41,Used - Good,Cracked hinge but powers on fine,90.2,DE,4.99,22.0,2025-06-14T00:00:00,44
347adc4f-18e,TravelLite 12 (Used - Fair) Free Shipping,$146.74,Used - Fair,"Like new, opened for inspection only",,DE,0.0,10.0,2025-04-27T00:00:00,50
968c5ed1-86d,NimbusPad 2-in-1 Laptop Used - Excellent - FAST SHIP,$713.34,Used - Excellent,"Barely used, works great! Minor scuff on lid.",99.7,DE,14.99,5.0,2026-01-22T00:00:00,13
26ecd5ee-066,** AeroBook Air 13 ** For Parts/Not Working ** SALE **,$100.21,For Parts/Not Working,"AS-IS FOR PARTS, board may be dead",91.8,DE,0.0,,2026-03-13T00:00:00,33
dee658ff-cb3,** TitanForce 15 Gaming ** New ** SALE **,"$1,261.48",New,"Keyboard sticky on a few keys, everything else works",95.5,SG,0.0,25.0,2025-04-17T00:00:00,5
475f074f-e0c,** WorkHorse EliteBook X ** Used - Good ** SALE **,$510.83,Used - Good,Cracked hinge but powers on fine,88.2,SG,4.99,3.0,2025-07-20T00:00:00,54
aae12bbe-b4d,AeroBook Pro 14 (Used - Excellent) Free Shipping,$516.88,Used - Excellent,"Missing charger, otherwise good condition",89.0,AU,0.0,,2026-03-01T00:00:00,43
01fb6384-eef,nimbuspad 2-in-1 new bundle w/ charger,$675.70,New,"Keyboard sticky on a few keys, everything else works",99.6,CA,9.99,1.0,2026-03-16T00:00:00,8
53a6b805-0dd,** NimbusPad 2-in-1 ** For Parts/Not Working ** SALE **,$126.30,For Parts/Not Working,"Keyboard sticky on a few keys, everything else works",94.4,UK,9.99,,2025-11-27T00:00:00,13
8b35b94b-ecd,AeroBook Pro 14 Laptop Used - Good - FAST SHIP,$507.95,Used - Good,"Tested and fully functional, battery holds charge ~4hrs",94.5,SG,0.0,,2025-08-16T00:00:00,19
a75934f1-54f,** AeroBook Air 13 ** For Parts/Not Working ** SALE **,$147.63,For Parts/Not Working,"SCREEN HAS DEAD PIXEL - sold as is, no returns",98.9,US,0.0,,2025-09-26T00:00:00,57
8df59ffb-dc7,** AeroBook Pro 14 ** Used - Good ** SALE **,$289.09,Used - Good,"SCREEN HAS DEAD PIXEL - sold as is, no returns",91.3,UK,14.99,25.0,2025-06-14T00:00:00,11
13e88652-fa8,aerobook air 13 for parts/not working bundle w/ charger,$91.08,For Parts/Not Working,"Barely used, works great! Minor scuff on lid.",96.1,US,0.0,17.0,2025-01-24T00:00:00,33
637a3996-8a4,AeroBook Air 13 (Open Box) Free Shipping,$694.04,Open Box,Cracked hinge but powers on fine,99.3,UK,14.99,9.0,2026-04-24T00:00:00,47
a6bc217c-484,NimbusPad 2-in-1 Laptop Used - Fair - FAST SHIP,$406.34,Used - Fair,Cracked hinge but powers on fine,88.1,AU,4.99,14.0,2026-03-10T00:00:00,38
c0aee352-f9c,TitanForce 15 Gaming Laptop Used - Fair - FAST SHIP,,Used - Fair,,91.1,IN,14.99,16.0,2025-12-27T00:00:00,25
75506bed-435,AeroBook Air 13 Laptop Used - Excellent - FAST SHIP,,Used - Excellent,"Like new, opened for inspection only",95.8,CA,4.99,10.0,2025-08-27T00:00:00,35
94bfaa36-645,titanforce 15 gaming used - fair bundle w/ charger,$404.74,Used - Fair,"Keyboard sticky on a few keys, everything else works",91.5,SG,0.0,,2025-02-20T00:00:00,51
39877370-4c3,** AeroBook Pro 14 ** Used - Excellent ** SALE **,$454.26,Used - Excellent,"Barely used, works great! Minor scuff on lid.",89.3,SG,4.99,,2026-07-01T00:00:00,58
7aefd714-edd,TitanForce 15 Gaming Laptop For Parts/Not Working - FAST SHIP,$64.91,For Parts/Not Working,,92.4,US,4.99,,2026-04-11T00:00:00,31
4d25e592-256,** AeroBook Pro 14 ** Used - Excellent ** SALE **,$567.52,Used - Excellent,"Keyboard sticky on a few keys, everything else works",86.3,AU,0.0,17.0,2025-01-06T00:00:00,59
4b339630-38a,Genuine AeroBook Pro 14 Used - Excellent Tested Working,$461.10,Used - Excellent,Cracked hinge but powers on fine,98.9,IN,4.99,,2025-11-23T00:00:00,55
b9dea65c-5fb,** WorkHorse EliteBook X ** Used - Good ** SALE **,$323.42,Used - Good,"AS-IS FOR PARTS, board may be dead",89.0,UK,14.99,,2025-09-06T00:00:00,42
75f20b13-a49,AeroBook Air 13 Laptop For Parts/Not Working - FAST SHIP,$116.22,For Parts/Not Working,"Like new, opened for inspection only",93.9,IN,9.99,24.0,2025-11-16T00:00:00,45
88397656-482,Genuine AeroBook Air 13 Used - Fair Tested Working,$224.70,Used - Fair,"Missing charger, otherwise good condition",91.3,AU,0.0,18.0,2025-04-15T00:00:00,9
c3077547-64f,AeroBook Pro 14 Laptop For Parts/Not Working - FAST SHIP,$89.54,For Parts/Not Working,,91.5,CA,4.99,16.0,2025-12-08T00:00:00,3
12c21977-17c,titanforce 15 gaming new bundle w/ charger,$685.03,New,"AS-IS FOR PARTS, board may be dead",86.6,US,14.99,,2025-04-24T00:00:00,14
28ece1ae-ce5,AeroBook Pro 14 Laptop Used - Fair - FAST SHIP,$284.14,Used - Fair,"Missing charger, otherwise good condition",98.2,UK,4.99,,2025-07-28T00:00:00,22
e48c5cde-43c,** TravelLite 12 ** Used - Fair ** SALE **,$325.31,Used - Fair,"Missing charger, otherwise good condition",95.2,CA,0.0,,2026-04-12T00:00:00,9
ae6553c5-1bc,TravelLite 12 (Used - Good) Free Shipping,$513.89,Used - Good,"AS-IS FOR PARTS, board may be dead",92.3,CA,4.99,,2025-01-18T00:00:00,36
56bd7209-7cf,** TitanForce 15 Gaming ** Open Box ** SALE **,$632.89,Open Box,"Like new, opened for inspection only",88.9,DE,0.0,,2025-01-14T00:00:00,52
675e890e-8b9,** TravelLite 12 ** Used - Excellent ** SALE **,$874.65,Used - Excellent,"Barely used, works great! Minor scuff on lid.",91.2,CA,14.99,11.0,2026-05-25T00:00:00,1
7882562d-83a,** TravelLite 12 ** For Parts/Not Working ** SALE **,$121.54,For Parts/Not Working,,91.7,IN,0.0,,2025-12-24T00:00:00,56
a5199d62-215,Genuine WorkHorse EliteBook X Used - Good Tested Working,$427.31,Used - Good,"Like new, opened for inspection only",99.5,DE,14.99,,2025-06-03T00:00:00,33
d5ff7263-0e1,workhorse elitebook x used - fair bundle w/ charger,$116.27,Used - Fair,"SCREEN HAS DEAD PIXEL - sold as is, no returns",89.6,DE,0.0,0.0,2025-02-21T00:00:00,16
a3b12650-d51,titanforce 15 gaming used - fair bundle w/ charger,$177.97,Used - Fair,"SCREEN HAS DEAD PIXEL - sold as is, no returns",85.5,UK,0.0,20.0,2026-01-31T00:00:00,27
087bc45f-c1d,AEROBOOK PRO 14 - Used - Excellent - L@@K!!,$433.97,Used - Excellent,Cracked hinge but powers on fine,93.3,UK,0.0,,2026-04-18T00:00:00,34
d8f2faba-bbe,Genuine NimbusPad 2-in-1 New Tested Working,$779.73,New,"Keyboard sticky on a few keys, everything else works",98.7,US,4.99,,2025-05-24T00:00:00,39
e5581808-815,Genuine AeroBook Air 13 Used - Fair Tested Working,$195.63,Used - Fair,"Barely used, works great! Minor scuff on lid.",96.4,IN,4.99,2.0,2025-02-26T00:00:00,17
12d131f1-dfc,** TravelLite 12 ** New ** SALE **,"$1,000.78",New,,85.8,CA,9.99,,2026-05-23T00:00:00,8
58960b1d-a94,TravelLite 12 Laptop For Parts/Not Working - FAST SHIP,$93.16,For Parts/Not Working,"SCREEN HAS DEAD PIXEL - sold as is, no returns",,IN,0.0,7.0,2025-07-29T00:00:00,6
e12ac3f2-a3d,WorkHorse EliteBook X (Used - Good) Free Shipping,$489.75,Used - Good,"AS-IS FOR PARTS, board may be dead",94.3,DE,0.0,5.0,2025-05-26T00:00:00,52
ab9c712c-ca6,AeroBook Air 13 (Open Box) Free Shipping,$959.69,Open Box,Cracked hinge but powers on fine,95.5,US,4.99,13.0,2025-06-01T00:00:00,1
699b2940-a28,AeroBook Pro 14 (Used - Fair) Free Shipping,$341.23,Used - Fair,"Tested and fully functional, battery holds charge ~4hrs",95.8,UK,0.0,11.0,2026-05-28T00:00:00,54
d348877c-53e,Genuine AeroBook Air 13 Used - Excellent Tested Working,$668.96,Used - Excellent,"Tested and fully functional, battery holds charge ~4hrs",96.4,UK,4.99,,2026-05-11T00:00:00,24
ab2bcea2-d5c,workhorse elitebook x for parts/not working bundle w/ charger,$116.76,For Parts/Not Working,"Like new, opened for inspection only",97.4,US,0.0,,2025-06-12T00:00:00,14
70aeefe4-486,AEROBOOK PRO 14 - Used - Good - L@@K!!,$591.76,Used - Good,"Keyboard sticky on a few keys, everything else works",91.3,US,0.0,3.0,2025-02-08T00:00:00,54
736e53ab-b9c,nimbuspad 2-in-1 used - excellent bundle w/ charger,$988.16,Used - Excellent,,88.8,DE,14.99,,2025-07-26T00:00:00,47
44548e61-b6c,Genuine WorkHorse EliteBook X Open Box Tested Working,$479.72,Open Box,,90.1,AU,14.99,23.0,2026-06-25T00:00:00,31
45485e53-6ab,** AeroBook Air 13 ** Used - Fair ** SALE **,$352.38,Used - Fair,"Keyboard sticky on a few keys, everything else works",93.5,CA,9.99,,2025-05-01T00:00:00,31
bf153f7c-0c6,WORKHORSE ELITEBOOK X - Used - Fair - L@@K!!,$165.71,Used - Fair,Cracked hinge but powers on fine,93.6,SG,9.99,16.0,2025-11-16T00:00:00,25
96c2db5b-6b9,WORKHORSE ELITEBOOK X - For Parts/Not Working - L@@K!!,$33.07,For Parts/Not Working,"Like new, opened for inspection only",85.9,CA,9.99,10.0,2025-03-05T00:00:00,15
6a85f07c-d11,WorkHorse EliteBook X Laptop Used - Fair - FAST SHIP,$398.99,Used - Fair,,86.9,AU,0.0,,2026-05-24T00:00:00,32
3ae37b83-ec5,TITANFORCE 15 GAMING - Used - Good - L@@K!!,$369.94,Used - Good,,90.7,AU,14.99,,2026-05-09T00:00:00,3
43866194-505,NimbusPad 2-in-1 (For Parts/Not Working) Free Shipping,$116.45,For Parts/Not Working,"Missing charger, otherwise good condition",98.8,CA,0.0,,2025-01-11T00:00:00,14
4d7a69df-46f,WorkHorse EliteBook X (Used - Fair) Free Shipping,$133.42,Used - Fair,"Barely used, works great! Minor scuff on lid.",94.0,CA,0.0,,2026-02-12T00:00:00,30
0fd5d042-140,Genuine TravelLite 12 New Tested Working,$834.56,New,Cracked hinge but powers on fine,96.7,UK,14.99,,2025-10-01T00:00:00,20
e3c66672-9e6,workhorse elitebook x new bundle w/ charger,$657.48,New,"Missing charger, otherwise good condition",93.3,US,0.0,25.0,2025-05-26T00:00:00,2
a4d6221b-4a1,TravelLite 12 Laptop Used - Good - FAST SHIP,$433.94,Used - Good,"Barely used, works great! Minor scuff on lid.",94.1,DE,0.0,12.0,2026-03-31T00:00:00,2
c9a00556-5f3,NimbusPad 2-in-1 (Open Box) Free Shipping,$946.56,Open Box,Cracked hinge but powers on fine,93.9,SG,0.0,,2026-03-21T00:00:00,55
5af025be-d94,travellite 12 for parts/not working bundle w/ charger,$73.99,For Parts/Not Working,"AS-IS FOR PARTS, board may be dead",95.8,SG,9.99,,2026-01-26T00:00:00,29
395a481b-75e,aerobook air 13 open box bundle w/ charger,$661.24,Open Box,"Keyboard sticky on a few keys, everything else works",,UK,0.0,,2025-09-14T00:00:00,50
454ad591-2c1,Genuine WorkHorse EliteBook X New Tested Working,$772.83,New,"Barely used, works great! Minor scuff on lid.",92.2,SG,9.99,,2025-03-01T00:00:00,37
1fd6ce28-5a9,TITANFORCE 15 GAMING - Used - Fair - L@@K!!,$339.77,Used - Fair,"Tested and fully functional, battery holds charge ~4hrs",94.3,US,0.0,,2025-02-09T00:00:00,11
7ebf3647-78c,NimbusPad 2-in-1 (Used - Fair) Free Shipping,$340.01,Used - Fair,,94.0,UK,0.0,,2026-03-31T00:00:00,7
d21d0ca1-e2e,AeroBook Air 13 (Open Box) Free Shipping,$673.49,Open Box,"Like new, opened for inspection only",91.1,AU,0.0,9.0,2025-02-01T00:00:00,10
9b4680c3-de3,titanforce 15 gaming open box bundle w/ charger,$565.43,Open Box,"Like new, opened for inspection only",90.7,IN,0.0,4.0,2026-01-26T00:00:00,48
ee92532b-6aa,AeroBook Pro 14 Laptop New - FAST SHIP,"$1,387.07",New,,94.1,AU,9.99,10.0,2025-10-03T00:00:00,12
2aad980f-ac8,Genuine TitanForce 15 Gaming Open Box Tested Working,"$1,046.76",Open Box,"Keyboard sticky on a few keys, everything else works",90.3,IN,0.0,20.0,2026-05-11T00:00:00,38
fc22d30d-bb2,NIMBUSPAD 2-IN-1 - Open Box - L@@K!!,"$1,030.28",Open Box,Cracked hinge but powers on fine,90.1,US,0.0,16.0,2025-06-01T00:00:00,36
4c793d84-333,AEROBOOK AIR 13 - Open Box - L@@K!!,$599.22,Open Box,"Barely used, works great! Minor scuff on lid.",85.4,CA,0.0,,2026-06-27T00:00:00,58
d6e3257c-3e2,nimbuspad 2-in-1 used - excellent bundle w/ charger,$495.20,Used - Excellent,"SCREEN HAS DEAD PIXEL - sold as is, no returns",85.7,AU,0.0,13.0,2026-04-06T00:00:00,47
863fcd50-eb8,TitanForce 15 Gaming Laptop Used - Good - FAST SHIP,$435.14,Used - Good,"Like new, opened for inspection only",91.8,UK,4.99,,2025-10-14T00:00:00,60
9e1b98bd-fb9,Genuine AeroBook Air 13 Used - Excellent Tested Working,$616.39,Used - Excellent,"Like new, opened for inspection only",99.3,US,14.99,23.0,2025-08-04T00:00:00,27
898b720c-0a9,WorkHorse EliteBook X (Used - Fair) Free Shipping,$230.84,Used - Fair,"SCREEN HAS DEAD PIXEL - sold as is, no returns",95.0,CA,0.0,,2026-06-05T00:00:00,48
ff893c2b-2fe,workhorse elitebook x new bundle w/ charger,"$1,249.72",New,"Keyboard sticky on a few keys, everything else works",92.8,SG,4.99,,2025-04-23T00:00:00,45
c078d65b-e84,AeroBook Pro 14 Laptop Used - Good - FAST SHIP,$347.55,Used - Good,"Missing charger, otherwise good condition",89.9,IN,0.0,,2026-06-10T00:00:00,43
f444f0e6-ae3,** TravelLite 12 ** For Parts/Not Working ** SALE **,$75.08,For Parts/Not Working,"Barely used, works great! Minor scuff on lid.",94.4,CA,0.0,7.0,2025-07-20T00:00:00,16
354ae343-8f9,NimbusPad 2-in-1 Laptop Open Box - FAST SHIP,$758.22,Open Box,"Keyboard sticky on a few keys, everything else works",93.4,CA,14.99,,2026-03-05T00:00:00,44
0d196055-f85,NimbusPad 2-in-1 (For Parts/Not Working) Free Shipping,$60.70,For Parts/Not Working,"AS-IS FOR PARTS, board may be dead",94.5,IN,0.0,9.0,2025-04-09T00:00:00,14
7c4695c5-4de,** TitanForce 15 Gaming ** Used - Good ** SALE **,$261.97,Used - Good,"Keyboard sticky on a few keys, everything else works",96.6,DE,4.99,21.0,2025-08-29T00:00:00,1
0c29f8dc-6ed,Genuine WorkHorse EliteBook X Open Box Tested Working,$948.60,Open Box,"Keyboard sticky on a few keys, everything else works",98.7,UK,4.99,10.0,2025-02-16T00:00:00,19
865b3177-268,aerobook air 13 used - fair bundle w/ charger,$347.61,Used - Fair,"Barely used, works great! Minor scuff on lid.",85.3,DE,0.0,10.0,2025-12-28T00:00:00,49
90a89685-8a7,AeroBook Pro 14 (For Parts/Not Working) Free Shipping,,For Parts/Not Working,"Tested and fully functional, battery holds charge ~4hrs",90.0,CA,9.99,0.0,2025-02-06T00:00:00,54
eeab3bc5-2ad,WorkHorse EliteBook X Laptop New - FAST SHIP,"$1,110.35",New,Cracked hinge but powers on fine,97.2,DE,14.99,23.0,2025-10-04T00:00:00,55
ce6f05a9-506,** AeroBook Pro 14 ** Used - Fair ** SALE **,$315.66,Used - Fair,"Keyboard sticky on a few keys, everything else works",94.1,UK,0.0,23.0,2025-01-24T00:00:00,19
1853d21f-0f0,Genuine AeroBook Air 13 New Tested Working,$901.18,New,Cracked hinge but powers on fine,93.0,CA,4.99,,2026-05-24T00:00:00,46
7368d762-ce0,TitanForce 15 Gaming Laptop Used - Fair - FAST SHIP,$333.60,Used - Fair,Cracked hinge but powers on fine,97.1,US,0.0,6.0,2026-05-17T00:00:00,37
c41449a8-496,AeroBook Air 13 (Used - Good) Free Shipping,$441.20,Used - Good,"Like new, opened for inspection only",85.5,AU,9.99,0.0,2025-10-02T00:00:00,44
a443203e-2b3,** WorkHorse EliteBook X ** Used - Good ** SALE **,$419.49,Used - Good,"SCREEN HAS DEAD PIXEL - sold as is, no returns",91.4,US,4.99,,2025-01-14T00:00:00,10
df24142c-370,AEROBOOK PRO 14 - Open Box - L@@K!!,"$1,035.95",Open Box,,85.1,US,4.99,23.0,2025-10-05T00:00:00,33
49416265-3ed,TitanForce 15 Gaming (Used - Fair) Free Shipping,$293.62,Used - Fair,"AS-IS FOR PARTS, board may be dead",99.0,AU,14.99,4.0,2025-06-18T00:00:00,33
1625c559-664,NimbusPad 2-in-1 Laptop New - FAST SHIP,$839.16,New,,86.4,IN,4.99,2.0,2025-12-25T00:00:00,40
a4a90b24-e88,aerobook air 13 used - excellent bundle w/ charger,$505.98,Used - Excellent,"Keyboard sticky on a few keys, everything else works",93.4,AU,14.99,,2025-06-06T00:00:00,6
0a829af8-c00,titanforce 15 gaming open box bundle w/ charger,$655.75,Open Box,Cracked hinge but powers on fine,96.1,IN,14.99,6.0,2025-06-22T00:00:00,0
5b66cc65-22b,AEROBOOK AIR 13 - New - L@@K!!,"$1,541.07",New,,91.4,DE,0.0,,2025-05-01T00:00:00,15
2118f004-3c9,NIMBUSPAD 2-IN-1 - Used - Good - L@@K!!,$344.45,Used - Good,Cracked hinge but powers on fine,97.6,IN,4.99,25.0,2025-09-14T00:00:00,43
6d47af4a-956,nimbuspad 2-in-1 for parts/not working bundle w/ charger,$107.34,For Parts/Not Working,"Missing charger, otherwise good condition",87.7,AU,0.0,,2026-01-05T00:00:00,33
ba457949-419,** WorkHorse EliteBook X ** Used - Excellent ** SALE **,$895.79,Used - Excellent,"AS-IS FOR PARTS, board may be dead",99.9,AU,0.0,,2025-02-28T00:00:00,36
8b5e44c4-fe6,TravelLite 12 Laptop Used - Good - FAST SHIP,$479.90,Used - Good,"Like new, opened for inspection only",,AU,0.0,5.0,2025-05-15T00:00:00,5
beb974f9-906,** AeroBook Pro 14 ** New ** SALE **,,New,"Barely used, works great! Minor scuff on lid.",95.1,UK,14.99,,2026-01-11T00:00:00,33
137c0365-ea4,TRAVELLITE 12 - Used - Good - L@@K!!,$304.27,Used - Good,"AS-IS FOR PARTS, board may be dead",,IN,0.0,13.0,2025-06-27T00:00:00,40
77aa6804-d88,AeroBook Pro 14 Laptop Used - Excellent - FAST SHIP,,Used - Excellent,"SCREEN HAS DEAD PIXEL - sold as is, no returns",86.3,UK,9.99,0.0,2025-06-23T00:00:00,50
87eb2a2b-902,** TravelLite 12 ** Used - Excellent ** SALE **,$966.95,Used - Excellent,"Tested and fully functional, battery holds charge ~4hrs",90.7,UK,0.0,,2025-11-20T00:00:00,26
2201c2a6-d88,AeroBook Air 13 (Used - Excellent) Free Shipping,$560.39,Used - Excellent,,94.5,SG,0.0,,2026-01-30T00:00:00,9
72aa84c6-c9f,** AeroBook Air 13 ** For Parts/Not Working ** SALE **,$148.48,For Parts/Not Working,Cracked hinge but powers on fine,96.6,UK,0.0,1.0,2025-04-29T00:00:00,33
26234729-a8b,** AeroBook Air 13 ** Used - Good ** SALE **,$425.39,Used - Good,"Like new, opened for inspection only",85.1,DE,4.99,,2025-04-13T00:00:00,11
7fe08aa9-226,Genuine TitanForce 15 Gaming Open Box Tested Working,,Open Box,"AS-IS FOR PARTS, board may be dead",88.8,UK,9.99,,2026-02-15T00:00:00,19
de5b1d85-545,AeroBook Air 13 (Used - Fair) Free Shipping,$257.43,Used - Fair,,99.6,SG,0.0,,2025-12-08T00:00:00,50
7d72cbba-c71,AEROBOOK PRO 14 - Used - Excellent - L@@K!!,$521.55,Used - Excellent,Cracked hinge but powers on fine,87.8,SG,0.0,23.0,2025-09-08T00:00:00,9
dbd3aadb-10e,Genuine TitanForce 15 Gaming New Tested Working,"$1,086.40",New,"Missing charger, otherwise good condition",86.4,CA,0.0,4.0,2026-02-14T00:00:00,49
0cf78438-b29,TITANFORCE 15 GAMING - For Parts/Not Working - L@@K!!,,For Parts/Not Working,"Tested and fully functional, battery holds charge ~4hrs",90.5,UK,9.99,19.0,2026-02-12T00:00:00,58
66b30970-deb,AeroBook Air 13 (Open Box) Free Shipping,$514.16,Open Box,"Keyboard sticky on a few keys, everything else works",92.2,UK,4.99,,2026-02-12T00:00:00,43
57df6573-3da,AEROBOOK PRO 14 - Used - Good - L@@K!!,,Used - Good,,91.8,DE,14.99,12.0,2026-03-09T00:00:00,49
edc901bc-187,nimbuspad 2-in-1 used - excellent bundle w/ charger,,Used - Excellent,"Like new, opened for inspection only",87.7,DE,9.99,21.0,2025-03-23T00:00:00,9
20796653-904,Genuine TravelLite 12 Used - Fair Tested Working,$208.39,Used - Fair,"AS-IS FOR PARTS, board may be dead",98.3,AU,0.0,,2025-12-12T00:00:00,43
0e5c0ef2-9a0,** AeroBook Pro 14 ** Used - Fair ** SALE **,$179.66,Used - Fair,"Barely used, works great! Minor scuff on lid.",90.9,CA,0.0,4.0,2025-05-29T00:00:00,40
cd6988db-b09,Genuine TitanForce 15 Gaming Used - Excellent Tested Working,$525.74,Used - Excellent,"Barely used, works great! Minor scuff on lid.",90.6,CA,9.99,20.0,2025-04-14T00:00:00,24
389cf594-e4c,** TravelLite 12 ** New ** SALE **,$998.69,New,"SCREEN HAS DEAD PIXEL - sold as is, no returns",91.5,US,0.0,9.0,2026-06-11T00:00:00,34
aca3098d-615,AeroBook Air 13 (For Parts/Not Working) Free Shipping,$129.61,For Parts/Not Working,,94.1,CA,14.99,,2025-01-06T00:00:00,26
ca11afe0-c00,NimbusPad 2-in-1 (For Parts/Not Working) Free Shipping,$48.38,For Parts/Not Working,"Missing charger, otherwise good condition",89.3,AU,9.99,18.0,2026-03-07T00:00:00,40
5b2c9840-777,Genuine WorkHorse EliteBook X Used - Good Tested Working,$418.03,Used - Good,"Missing charger, otherwise good condition",87.6,DE,0.0,21.0,2025-03-22T00:00:00,40
376ca0a0-57a,titanforce 15 gaming new bundle w/ charger,$725.99,New,"Tested and fully functional, battery holds charge ~4hrs",93.5,DE,0.0,9.0,2026-05-18T00:00:00,15
f65e0f82-c39,WORKHORSE ELITEBOOK X - Open Box - L@@K!!,"$1,004.11",Open Box,"Keyboard sticky on a few keys, everything else works",90.3,CA,4.99,8.0,2025-11-24T00:00:00,49
8a098e95-2e1,Genuine AeroBook Pro 14 For Parts/Not Working Tested Working,$85.36,For Parts/Not Working,"AS-IS FOR PARTS, board may be dead",98.9,CA,0.0,0.0,2026-06-30T00:00:00,53
77c50022-2cb,nimbuspad 2-in-1 for parts/not working bundle w/ charger,$82.48,For Parts/Not Working,"Missing charger, otherwise good condition",94.3,US,9.99,13.0,2025-01-24T00:00:00,20
c2ada210-4b4,aerobook air 13 used - fair bundle w/ charger,$278.80,Used - Fair,"Missing charger, otherwise good condition",87.4,UK,14.99,5.0,2026-04-29T00:00:00,59
b96c5434-aa8,AEROBOOK AIR 13 - Used - Excellent - L@@K!!,$408.42,Used - Excellent,"Tested and fully functional, battery holds charge ~4hrs",92.5,US,9.99,5.0,2025-09-08T00:00:00,29
e094e3b7-c8f,AeroBook Pro 14 (New) Free Shipping,"$1,327.96",New,,96.6,AU,9.99,14.0,2026-05-08T00:00:00,52
48a18b09-9b9,TitanForce 15 Gaming Laptop Used - Good - FAST SHIP,$402.40,Used - Good,"SCREEN HAS DEAD PIXEL - sold as is, no returns",88.9,SG,9.99,3.0,2025-06-23T00:00:00,23
2d5c730f-05a,Genuine TitanForce 15 Gaming Open Box Tested Working,"$1,105.82",Open Box,"Missing charger, otherwise good condition",90.1,AU,4.99,,2026-04-07T00:00:00,44
9250bcd1-177,TitanForce 15 Gaming (Used - Fair) Free Shipping,$389.95,Used - Fair,"Tested and fully functional, battery holds charge ~4hrs",89.6,AU,4.99,4.0,2025-05-12T00:00:00,9
7717552c-44c,** NimbusPad 2-in-1 ** Used - Excellent ** SALE **,$539.39,Used - Excellent,,94.3,CA,0.0,18.0,2026-05-29T00:00:00,20
d1fce3e4-fe8,NIMBUSPAD 2-IN-1 - Used - Good - L@@K!!,$385.68,Used - Good,Cracked hinge but powers on fine,87.3,IN,14.99,20.0,2025-07-21T00:00:00,22
21004a3a-f50,** WorkHorse EliteBook X ** For Parts/Not Working ** SALE **,$52.28,For Parts/Not Working,"Barely used, works great! Minor scuff on lid.",86.5,UK,9.99,,2026-07-02T00:00:00,54
8456eb96-e4f,AEROBOOK PRO 14 - New - L@@K!!,"$1,121.26",New,"AS-IS FOR PARTS, board may be dead",99.7,UK,9.99,,2025-07-14T00:00:00,46
214591e7-421,AeroBook Pro 14 Laptop Open Box - FAST SHIP,$589.94,Open Box,"Like new, opened for inspection only",86.1,DE,0.0,15.0,2025-07-22T00:00:00,6
d84bfd2e-da6,AEROBOOK AIR 13 - Used - Fair - L@@K!!,$163.81,Used - Fair,"AS-IS FOR PARTS, board may be dead",88.8,DE,9.99,,2025-06-30T00:00:00,21
0c9f9458-90f,Genuine WorkHorse EliteBook X Used - Excellent Tested Working,$785.81,Used - Excellent,"SCREEN HAS DEAD PIXEL - sold as is, no returns",99.2,DE,0.0,,2026-06-06T00:00:00,30
f9a037bd-5a1,AEROBOOK AIR 13 - New - L@@K!!,"$1,351.55",New,"SCREEN HAS DEAD PIXEL - sold as is, no returns",88.2,IN,0.0,,2026-06-28T00:00:00,30
0f788a55-07f,** TitanForce 15 Gaming ** Used - Fair ** SALE **,$207.25,Used - Fair,"Tested and fully functional, battery holds charge ~4hrs",92.7,DE,14.99,13.0,2025-10-03T00:00:00,14
6a02df4b-864,Genuine NimbusPad 2-in-1 Used - Excellent Tested Working,$777.85,Used - Excellent,"Barely used, works great! Minor scuff on lid.",91.1,DE,0.0,4.0,2026-04-13T00:00:00,49
2208057a-f10,travellite 12 open box bundle w/ charger,$894.80,Open Box,"Missing charger, otherwise good condition",94.3,DE,0.0,,2025-09-06T00:00:00,10
ea4a6ca3-85a,NIMBUSPAD 2-IN-1 - For Parts/Not Working - L@@K!!,$154.16,For Parts/Not Working,Cracked hinge but powers on fine,93.8,US,0.0,,2025-12-17T00:00:00,17
1a3bc101-daf,NIMBUSPAD 2-IN-1 - Used - Excellent - L@@K!!,$693.96,Used - Excellent,Cracked hinge but powers on fine,93.4,DE,0.0,,2025-09-24T00:00:00,35
5d178e0b-774,Genuine TitanForce 15 Gaming For Parts/Not Working Tested Working,$74.85,For Parts/Not Working,"Missing charger, otherwise good condition",92.0,DE,0.0,,2025-09-23T00:00:00,16
364a3d35-805,aerobook pro 14 open box bundle w/ charger,$872.06,Open Box,"Like new, opened for inspection only",,DE,0.0,25.0,2025-12-01T00:00:00,50
08aca8df-3b7,titanforce 15 gaming used - fair bundle w/ charger,$247.99,Used - Fair,"SCREEN HAS DEAD PIXEL - sold as is, no returns",92.0,AU,0.0,24.0,2026-03-18T00:00:00,52
4ee741c2-a13,Genuine NimbusPad 2-in-1 For Parts/Not Working Tested Working,$132.62,For Parts/Not Working,"Barely used, works great! Minor scuff on lid.",89.4,IN,4.99,,2025-08-19T00:00:00,20
58b266ed-4f7,** TitanForce 15 Gaming ** Open Box ** SALE **,"$1,096.35",Open Box,"Tested and fully functional, battery holds charge ~4hrs",87.2,UK,0.0,,2026-07-01T00:00:00,38
6a7b1438-aa8,Genuine AeroBook Pro 14 Open Box Tested Working,"$1,011.50",Open Box,Cracked hinge but powers on fine,98.8,SG,0.0,,2026-03-27T00:00:00,7
0bf8f412-347,Genuine NimbusPad 2-in-1 New Tested Working,$921.51,New,"SCREEN HAS DEAD PIXEL - sold as is, no returns",87.6,IN,14.99,5.0,2025-08-03T00:00:00,7
b3bad716-72e,travellite 12 used - fair bundle w/ charger,$144.46,Used - Fair,"SCREEN HAS DEAD PIXEL - sold as is, no returns",85.2,DE,4.99,3.0,2025-12-30T00:00:00,23
5219c47e-9d1,AeroBook Pro 14 Laptop Used - Good - FAST SHIP,$590.32,Used - Good,Cracked hinge but powers on fine,98.5,US,0.0,5.0,2025-01-10T00:00:00,8
54ac106c-175,AEROBOOK AIR 13 - For Parts/Not Working - L@@K!!,$67.47,For Parts/Not Working,"Keyboard sticky on a few keys, everything else works",99.0,CA,14.99,21.0,2025-07-05T00:00:00,23
8f7ed730-dae,AeroBook Pro 14 Laptop Open Box - FAST SHIP,$568.56,Open Box,"Like new, opened for inspection only",,DE,0.0,4.0,2026-02-22T00:00:00,2
bce0c5f9-19c,Genuine WorkHorse EliteBook X For Parts/Not Working Tested Working,$131.31,For Parts/Not Working,"AS-IS FOR PARTS, board may be dead",97.8,IN,4.99,,2025-01-01T00:00:00,19
2fb65609-899,titanforce 15 gaming open box bundle w/ charger,$931.12,Open Box,"Missing charger, otherwise good condition",92.7,SG,0.0,,2025-03-26T00:00:00,47
615f9e2f-b56,** NimbusPad 2-in-1 ** Used - Excellent ** SALE **,$586.07,Used - Excellent,,99.8,UK,0.0,,2026-01-19T00:00:00,42
c746f32d-31f,TRAVELLITE 12 - New - L@@K!!,"$1,272.97",New,"Tested and fully functional, battery holds charge ~4hrs",85.2,DE,4.99,6.0,2026-02-20T00:00:00,28
11a79e2c-15a,NIMBUSPAD 2-IN-1 - Used - Fair - L@@K!!,$303.40,Used - Fair,Cracked hinge but powers on fine,98.1,SG,9.99,3.0,2025-12-17T00:00:00,48
94a6cce5-43b,** AeroBook Pro 14 ** Used - Excellent ** SALE **,$595.15,Used - Excellent,Cracked hinge but powers on fine,90.2,DE,4.99,2.0,2026-06-01T00:00:00,11
74291e59-02b,workhorse elitebook x open box bundle w/ charger,"$1,001.94",Open Box,,97.0,UK,9.99,,2026-06-28T00:00:00,10
7509a5e5-e2d,aerobook pro 14 for parts/not working bundle w/ charger,$54.65,For Parts/Not Working,"Keyboard sticky on a few keys, everything else works",89.2,DE,0.0,,2026-06-19T00:00:00,26
f01b9c6d-386,nimbuspad 2-in-1 used - excellent bundle w/ charger,$450.97,Used - Excellent,"SCREEN HAS DEAD PIXEL - sold as is, no returns",91.2,CA,4.99,24.0,2025-09-06T00:00:00,25
6f1a6a5b-4aa,TravelLite 12 Laptop Used - Good - FAST SHIP,$310.98,Used - Good,"Tested and fully functional, battery holds charge ~4hrs",87.1,UK,0.0,,2025-05-01T00:00:00,33
4508accc-d10,** AeroBook Pro 14 ** For Parts/Not Working ** SALE **,$92.48,For Parts/Not Working,"Like new, opened for inspection only",99.2,US,4.99,8.0,2025-04-26T00:00:00,40
993833e6-7b5,workhorse elitebook x open box bundle w/ charger,"$1,069.17",Open Box,"Like new, opened for inspection only",97.7,DE,14.99,13.0,2025-02-28T00:00:00,40
bd616f6c-b35,TitanForce 15 Gaming Laptop For Parts/Not Working - FAST SHIP,$57.56,For Parts/Not Working,"SCREEN HAS DEAD PIXEL - sold as is, no returns",92.3,IN,4.99,,2026-03-21T00:00:00,42
0e381e5a-6cc,travellite 12 used - good bundle w/ charger,$471.54,Used - Good,"SCREEN HAS DEAD PIXEL - sold as is, no returns",86.8,SG,0.0,,2026-03-08T00:00:00,52
bbe31568-e29,** TravelLite 12 ** New ** SALE **,"$1,031.72",New,"Keyboard sticky on a few keys, everything else works",85.4,IN,0.0,,2025-12-03T00:00:00,6
4228f0b4-a12,Genuine NimbusPad 2-in-1 New Tested Working,"$1,119.09",New,"Barely used, works great! Minor scuff on lid.",95.5,AU,0.0,5.0,2025-08-03T00:00:00,35
53d44a25-ebf,workhorse elitebook x for parts/not working bundle w/ charger,$126.17,For Parts/Not Working,,97.5,CA,0.0,3.0,2025-04-03T00:00:00,40
80877c22-821,WorkHorse EliteBook X (Used - Good) Free Shipping,$581.33,Used - Good,"Tested and fully functional, battery holds charge ~4hrs",89.8,US,0.0,16.0,2025-10-31T00:00:00,48
7ff3df79-591,AEROBOOK AIR 13 - Used - Good - L@@K!!,$591.16,Used - Good,"Like new, opened for inspection only",91.0,DE,0.0,23.0,2025-10-28T00:00:00,39
418ecede-846,** AeroBook Pro 14 ** Used - Excellent ** SALE **,$419.69,Used - Excellent,"Missing charger, otherwise good condition",88.4,AU,0.0,,2025-10-31T00:00:00,15
9150c631-cdc,** WorkHorse EliteBook X ** Used - Good ** SALE **,$488.82,Used - Good,"Keyboard sticky on a few keys, everything else works",95.6,UK,0.0,11.0,2025-08-29T00:00:00,20
7bd4bbce-0f0,aerobook pro 14 for parts/not working bundle w/ charger,$52.01,For Parts/Not Working,"AS-IS FOR PARTS, board may be dead",86.6,SG,9.99,,2025-12-23T00:00:00,45
2b92ced2-b47,WORKHORSE ELITEBOOK X - Open Box - L@@K!!,$983.55,Open Box,"Barely used, works great! Minor scuff on lid.",93.4,US,0.0,22.0,2025-06-01T00:00:00,4
97b95d83-cd1,AEROBOOK PRO 14 - For Parts/Not Working - L@@K!!,$88.18,For Parts/Not Working,"Keyboard sticky on a few keys, everything else works",91.8,IN,14.99,10.0,2025-08-27T00:00:00,36
e7882791-ec1,WorkHorse EliteBook X (Used - Good) Free Shipping,$399.70,Used - Good,"SCREEN HAS DEAD PIXEL - sold as is, no returns",86.1,US,9.99,5.0,2025-07-19T00:00:00,15
d21770f1-efe,** AeroBook Air 13 ** Open Box ** SALE **,"$1,124.80",Open Box,"Keyboard sticky on a few keys, everything else works",90.7,DE,0.0,5.0,2025-04-09T00:00:00,19
e97cd018-b23,TravelLite 12 (Used - Good) Free Shipping,$426.95,Used - Good,"AS-IS FOR PARTS, board may be dead",92.9,US,9.99,,2025-03-02T00:00:00,43
20a811e8-a41,AeroBook Air 13 Laptop New - FAST SHIP,"$1,400.65",New,"Tested and fully functional, battery holds charge ~4hrs",94.3,CA,9.99,,2025-12-20T00:00:00,6
a9c5a2df-8d3,Genuine AeroBook Air 13 Used - Fair Tested Working,$367.86,Used - Fair,"Barely used, works great! Minor scuff on lid.",99.0,SG,0.0,9.0,2025-10-26T00:00:00,6
53ba47ac-cca,** AeroBook Air 13 ** Used - Fair ** SALE **,$451.70,Used - Fair,,96.8,US,14.99,10.0,2025-09-10T00:00:00,23
9eb47d9a-297,nimbuspad 2-in-1 open box bundle w/ charger,$600.31,Open Box,"SCREEN HAS DEAD PIXEL - sold as is, no returns",86.4,AU,0.0,18.0,2026-06-29T00:00:00,33
1030716f-1be,WorkHorse EliteBook X Laptop For Parts/Not Working - FAST SHIP,$79.58,For Parts/Not Working,"AS-IS FOR PARTS, board may be dead",,US,0.0,19.0,2026-02-03T00:00:00,19
64e6160e-18e,titanforce 15 gaming for parts/not working bundle w/ charger,$112.56,For Parts/Not Working,"Tested and fully functional, battery holds charge ~4hrs",96.1,IN,0.0,,2025-11-07T00:00:00,24
370a88ad-afd,WorkHorse EliteBook X Laptop New - FAST SHIP,"$1,345.99",New,"Missing charger, otherwise good condition",99.2,CA,14.99,,2025-07-28T00:00:00,31
0c491085-b6c,TravelLite 12 (Used - Fair) Free Shipping,$349.30,Used - Fair,"Tested and fully functional, battery holds charge ~4hrs",97.4,UK,4.99,,2025-05-26T00:00:00,38
8a9d4354-456,** TravelLite 12 ** Used - Excellent ** SALE **,$763.12,Used - Excellent,Cracked hinge but powers on fine,85.2,SG,4.99,,2025-07-14T00:00:00,52
e5c0d990-721,TitanForce 15 Gaming Laptop Used - Fair - FAST SHIP,$135.98,Used - Fair,"SCREEN HAS DEAD PIXEL - sold as is, no returns",96.9,US,0.0,5.0,2025-09-20T00:00:00,43
376346aa-a01,TRAVELLITE 12 - Used - Good - L@@K!!,$395.62,Used - Good,"SCREEN HAS DEAD PIXEL - sold as is, no returns",92.5,CA,9.99,15.0,2026-05-06T00:00:00,6
2a68ac64-c84,aerobook pro 14 used - good bundle w/ charger,$309.54,Used - Good,"Barely used, works great! Minor scuff on lid.",92.6,CA,0.0,1.0,2025-01-15T00:00:00,60
14c80909-18a,TITANFORCE 15 GAMING - Open Box - L@@K!!,$573.91,Open Box,"Missing charger, otherwise good condition",95.8,US,4.99,,2025-09-09T00:00:00,38
4ddf8c4e-894,WORKHORSE ELITEBOOK X - Open Box - L@@K!!,"$1,118.73",Open Box,"Like new, opened for inspection only",87.2,US,14.99,,2026-01-26T00:00:00,0
67d517b7-bb9,nimbuspad 2-in-1 used - fair bundle w/ charger,$158.04,Used - Fair,"Keyboard sticky on a few keys, everything else works",94.2,DE,14.99,,2026-05-18T00:00:00,39
3d5fc5b7-5ee,Genuine TravelLite 12 Used - Good Tested Working,$643.48,Used - Good,Cracked hinge but powers on fine,90.5,US,4.99,4.0,2025-02-13T00:00:00,29
4de3ed1e-e24,Genuine WorkHorse EliteBook X Open Box Tested Working,$611.45,Open Box,"AS-IS FOR PARTS, board may be dead",92.0,UK,0.0,4.0,2026-06-27T00:00:00,13
a2ed9922-840,Genuine TravelLite 12 Open Box Tested Working,"$1,187.90",Open Box,"Like new, opened for inspection only",88.2,CA,4.99,,2026-04-09T00:00:00,19
8a74d400-433,Genuine WorkHorse EliteBook X Used - Good Tested Working,$282.70,Used - Good,"Barely used, works great! Minor scuff on lid.",90.8,AU,0.0,,2025-06-09T00:00:00,41
4ce686af-fe0,aerobook air 13 open box bundle w/ charger,$912.65,Open Box,,98.1,AU,0.0,2.0,2025-01-22T00:00:00,0
57538fdb-810,AeroBook Pro 14 (Used - Excellent) Free Shipping,$937.87,Used - Excellent,"Like new, opened for inspection only",97.4,DE,0.0,9.0,2025-11-07T00:00:00,6
da3fe8e3-e91,AeroBook Air 13 (Open Box) Free Shipping,$652.03,Open Box,"Missing charger, otherwise good condition",95.0,CA,4.99,,2025-02-10T00:00:00,8
25e8f581-ed8,Genuine NimbusPad 2-in-1 Used - Good Tested Working,$659.03,Used - Good,"Barely used, works great! Minor scuff on lid.",99.2,IN,0.0,2.0,2026-01-14T00:00:00,4
3b2436a8-c3e,WorkHorse EliteBook X (Used - Excellent) Free Shipping,$473.83,Used - Excellent,"SCREEN HAS DEAD PIXEL - sold as is, no returns",99.8,DE,0.0,18.0,2026-03-04T00:00:00,10
4ee526c4-267,** TitanForce 15 Gaming ** Open Box ** SALE **,"$1,138.98",Open Box,Cracked hinge but powers on fine,99.9,UK,0.0,,2026-04-15T00:00:00,42
c479c582-44e,Genuine WorkHorse EliteBook X New Tested Working,$887.51,New,"Keyboard sticky on a few keys, everything else works",,AU,0.0,10.0,2026-01-11T00:00:00,51
62c00a8d-16f,Genuine NimbusPad 2-in-1 Used - Good Tested Working,$310.30,Used - Good,"SCREEN HAS DEAD PIXEL - sold as is, no returns",98.7,SG,9.99,0.0,2025-05-12T00:00:00,51
7b85f03e-03d,** AeroBook Air 13 ** New ** SALE **,$879.13,New,"Like new, opened for inspection only",94.3,CA,9.99,14.0,2025-12-05T00:00:00,50
11c1df67-639,Genuine WorkHorse EliteBook X New Tested Working,$648.73,New,"Missing charger, otherwise good condition",95.8,DE,0.0,6.0,2026-05-03T00:00:00,52
c5531b5e-e60,NimbusPad 2-in-1 Laptop Used - Fair - FAST SHIP,$361.87,Used - Fair,"Tested and fully functional, battery holds charge ~4hrs",88.9,IN,9.99,22.0,2025-05-07T00:00:00,44
b1632872-b8b,** AeroBook Air 13 ** Open Box ** SALE **,$940.54,Open Box,Cracked hinge but powers on fine,88.8,UK,14.99,,2025-01-08T00:00:00,41
d175a642-538,Genuine TravelLite 12 Used - Excellent Tested Working,$463.85,Used - Excellent,"SCREEN HAS DEAD PIXEL - sold as is, no returns",98.5,DE,0.0,21.0,2025-04-01T00:00:00,20
1c71c77c-aac,Genuine TitanForce 15 Gaming For Parts/Not Working Tested Working,$90.20,For Parts/Not Working,"Like new, opened for inspection only",96.5,UK,9.99,6.0,2025-08-22T00:00:00,37
2810bc5a-f53,Genuine TravelLite 12 Used - Excellent Tested Working,$624.36,Used - Excellent,"AS-IS FOR PARTS, board may be dead",96.1,DE,4.99,4.0,2025-11-21T00:00:00,24
1060e82c-ea4,TravelLite 12 Laptop Open Box - FAST SHIP,$504.79,Open Box,"Barely used, works great! Minor scuff on lid.",87.2,UK,0.0,,2026-02-06T00:00:00,10
050a0e45-530,WorkHorse EliteBook X Laptop Used - Excellent - FAST SHIP,$869.08,Used - Excellent,"Like new, opened for inspection only",86.0,UK,14.99,9.0,2025-05-25T00:00:00,15
95182363-a70,NimbusPad 2-in-1 Laptop Open Box - FAST SHIP,,Open Box,"Tested and fully functional, battery holds charge ~4hrs",90.1,UK,14.99,11.0,2026-04-30T00:00:00,4
d49146ef-060,Genuine TitanForce 15 Gaming Used - Good Tested Working,$688.08,Used - Good,Cracked hinge but powers on fine,93.7,UK,14.99,,2025-05-11T00:00:00,20
6353b746-14f,WorkHorse EliteBook X Laptop Open Box - FAST SHIP,$835.63,Open Box,"Keyboard sticky on a few keys, everything else works",94.4,US,9.99,19.0,2025-09-30T00:00:00,4
5df6f3f8-7e6,aerobook air 13 used - excellent bundle w/ charger,$754.84,Used - Excellent,"AS-IS FOR PARTS, board may be dead",96.8,UK,4.99,19.0,2026-07-04T00:00:00,12
a79104ad-716,TravelLite 12 (Open Box) Free Shipping,$957.45,Open Box,"Missing charger, otherwise good condition",91.3,SG,0.0,,2025-07-29T00:00:00,9
e0cb2fea-84b,AEROBOOK PRO 14 - For Parts/Not Working - L@@K!!,$80.64,For Parts/Not Working,"AS-IS FOR PARTS, board may be dead",86.6,UK,4.99,,2026-04-10T00:00:00,18
2a91ff68-3bc,aerobook air 13 used - excellent bundle w/ charger,$889.03,Used - Excellent,"Barely used, works great! Minor scuff on lid.",94.7,DE,0.0,,2025-02-05T00:00:00,41
8e007f9a-f8c,WorkHorse EliteBook X Laptop Used - Fair - FAST SHIP,$231.08,Used - Fair,,95.7,US,0.0,10.0,2025-03-25T00:00:00,26
788865ef-ae1,AEROBOOK PRO 14 - Used - Good - L@@K!!,$496.20,Used - Good,"AS-IS FOR PARTS, board may be dead",96.4,SG,0.0,,2025-02-27T00:00:00,41
f215835a-481,AEROBOOK PRO 14 - New - L@@K!!,"$1,306.81",New,,90.8,AU,14.99,,2026-06-07T00:00:00,48
e874ee1d-9a8,AeroBook Pro 14 (For Parts/Not Working) Free Shipping,,For Parts/Not Working,"SCREEN HAS DEAD PIXEL - sold as is, no returns",90.5,SG,0.0,,2025-06-05T00:00:00,34
35ec7b41-6ca,TRAVELLITE 12 - For Parts/Not Working - L@@K!!,$111.69,For Parts/Not Working,"Like new, opened for inspection only",90.9,AU,0.0,14.0,2026-06-09T00:00:00,49
68016d38-062,** AeroBook Air 13 ** New ** SALE **,$783.25,New,"Missing charger, otherwise good condition",97.3,UK,4.99,,2025-08-24T00:00:00,36
11fc089f-55f,** TitanForce 15 Gaming ** Open Box ** SALE **,$767.98,Open Box,"Like new, opened for inspection only",90.9,SG,0.0,15.0,2025-10-20T00:00:00,50
eb8ac1b2-0a3,AeroBook Air 13 (New) Free Shipping,"$1,277.47",New,"AS-IS FOR PARTS, board may be dead",93.5,CA,0.0,,2025-08-09T00:00:00,41
f56098ca-38f,NimbusPad 2-in-1 (For Parts/Not Working) Free Shipping,$129.64,For Parts/Not Working,"AS-IS FOR PARTS, board may be dead",98.3,SG,0.0,,2025-02-01T00:00:00,56
9107d9ef-019,** NimbusPad 2-in-1 ** Open Box ** SALE **,,Open Box,"AS-IS FOR PARTS, board may be dead",95.4,CA,0.0,,2026-01-22T00:00:00,1
fbccdff2-409,NimbusPad 2-in-1 (Used - Good) Free Shipping,$250.02,Used - Good,"AS-IS FOR PARTS, board may be dead",89.0,AU,0.0,6.0,2025-08-29T00:00:00,44
90cfc9b4-4f6,** AeroBook Pro 14 ** For Parts/Not Working ** SALE **,$133.12,For Parts/Not Working,"Barely used, works great! Minor scuff on lid.",86.3,UK,4.99,17.0,2025-06-17T00:00:00,23
b96eb00b-d34,TitanForce 15 Gaming (For Parts/Not Working) Free Shipping,$77.45,For Parts/Not Working,Cracked hinge but powers on fine,95.1,DE,14.99,11.0,2026-03-19T00:00:00,5
c19c63e5-84a,** AeroBook Air 13 ** Used - Excellent ** SALE **,$596.01,Used - Excellent,"Tested and fully functional, battery holds charge ~4hrs",93.1,SG,14.99,,2025-05-23T00:00:00,52
c0c2cb55-9bb,travellite 12 used - good bundle w/ charger,$383.52,Used - Good,"Tested and fully functional, battery holds charge ~4hrs",95.3,SG,0.0,10.0,2026-01-18T00:00:00,35
24086d1c-ab1,Genuine WorkHorse EliteBook X For Parts/Not Working Tested Working,$44.57,For Parts/Not Working,"Tested and fully functional, battery holds charge ~4hrs",98.4,CA,14.99,,2026-06-01T00:00:00,51
58c1abd1-ca9,AEROBOOK AIR 13 - New - L@@K!!,"$1,347.18",New,"Barely used, works great! Minor scuff on lid.",,UK,0.0,,2025-03-15T00:00:00,4
8a31da81-ab8,aerobook pro 14 used - good bundle w/ charger,,Used - Good,"AS-IS FOR PARTS, board may be dead",93.9,AU,4.99,15.0,2025-11-24T00:00:00,22
b946222e-d00,** TravelLite 12 ** Used - Good ** SALE **,$276.28,Used - Good,"AS-IS FOR PARTS, board may be dead",90.7,DE,0.0,17.0,2025-04-05T00:00:00,5
60c5b73c-303,** TravelLite 12 ** For Parts/Not Working ** SALE **,$32.17,For Parts/Not Working,"AS-IS FOR PARTS, board may be dead",91.2,US,14.99,,2025-01-29T00:00:00,59
3098426a-55c,AeroBook Pro 14 Laptop Used - Fair - FAST SHIP,$250.00,Used - Fair,,98.5,UK,0.0,,2025-12-06T00:00:00,27
540453ba-d42,AeroBook Air 13 Laptop New - FAST SHIP,$908.00,New,Cracked hinge but powers on fine,90.1,AU,9.99,7.0,2026-04-01T00:00:00,51
cd670f6c-e96,Genuine AeroBook Pro 14 New Tested Working,$887.08,New,"Barely used, works great! Minor scuff on lid.",98.5,UK,14.99,13.0,2026-05-01T00:00:00,2
0489e5a8-531,WORKHORSE ELITEBOOK X - For Parts/Not Working - L@@K!!,$87.99,For Parts/Not Working,"SCREEN HAS DEAD PIXEL - sold as is, no returns",,US,9.99,,2025-07-21T00:00:00,28
9d07230f-bf6,WORKHORSE ELITEBOOK X - Used - Excellent - L@@K!!,,Used - Excellent,"Tested and fully functional, battery holds charge ~4hrs",96.2,DE,0.0,,2026-06-07T00:00:00,50
b0876843-659,WORKHORSE ELITEBOOK X - For Parts/Not Working - L@@K!!,$58.89,For Parts/Not Working,"Missing charger, otherwise good condition",92.2,CA,0.0,,2025-03-14T00:00:00,9
57d35b29-994,** WorkHorse EliteBook X ** Open Box ** SALE **,$632.05,Open Box,"Like new, opened for inspection only",97.4,DE,0.0,1.0,2025-11-25T00:00:00,49
54a32828-557,aerobook air 13 for parts/not working bundle w/ charger,,For Parts/Not Working,"Keyboard sticky on a few keys, everything else works",96.3,CA,0.0,9.0,2026-05-25T00:00:00,49
ffe6a415-8d3,WorkHorse EliteBook X (New) Free Shipping,$925.86,New,"AS-IS FOR PARTS, board may be dead",99.8,UK,0.0,19.0,2025-12-01T00:00:00,58
39e1eba6-c5f,nimbuspad 2-in-1 used - fair bundle w/ charger,$285.10,Used - Fair,"Tested and fully functional, battery holds charge ~4hrs",86.4,DE,0.0,19.0,2025-03-06T00:00:00,16
7ca8eb51-120,TITANFORCE 15 GAMING - Used - Excellent - L@@K!!,$985.76,Used - Excellent,"Like new, opened for inspection only",91.2,UK,9.99,21.0,2025-07-12T00:00:00,49
40e1ab2b-114,AEROBOOK AIR 13 - For Parts/Not Working - L@@K!!,$128.85,For Parts/Not Working,"SCREEN HAS DEAD PIXEL - sold as is, no returns",98.1,AU,0.0,,2025-12-12T00:00:00,11
e4f709a4-d0f,NimbusPad 2-in-1 (Used - Excellent) Free Shipping,$552.39,Used - Excellent,"SCREEN HAS DEAD PIXEL - sold as is, no returns",97.2,DE,0.0,,2025-09-18T00:00:00,59
20b87b7d-2c8,WorkHorse EliteBook X Laptop Used - Fair - FAST SHIP,$393.61,Used - Fair,"AS-IS FOR PARTS, board may be dead",89.7,CA,0.0,,2025-02-25T00:00:00,2
283fb995-ae5,titanforce 15 gaming new bundle w/ charger,"$1,211.19",New,"Barely used, works great! Minor scuff on lid.",,UK,9.99,9.0,2026-03-17T00:00:00,15
5e8b214a-012,WORKHORSE ELITEBOOK X - Used - Fair - L@@K!!,$153.54,Used - Fair,"Tested and fully functional, battery holds charge ~4hrs",97.4,CA,9.99,5.0,2025-04-04T00:00:00,36
8ce414cf-024,TitanForce 15 Gaming (Used - Good) Free Shipping,$390.26,Used - Good,"SCREEN HAS DEAD PIXEL - sold as is, no returns",,AU,0.0,19.0,2026-01-31T00:00:00,28
c42576e7-8fc,AeroBook Pro 14 (New) Free Shipping,$844.89,New,"Missing charger, otherwise good condition",92.4,SG,9.99,,2025-01-22T00:00:00,31
6e75baac-7ba,NIMBUSPAD 2-IN-1 - Used - Good - L@@K!!,$532.76,Used - Good,"Missing charger, otherwise good condition",91.1,CA,14.99,,2025-08-25T00:00:00,24
7d18f3de-2a7,NimbusPad 2-in-1 (New) Free Shipping,"$1,205.92",New,"Keyboard sticky on a few keys, everything else works",,DE,14.99,13.0,2025-04-02T00:00:00,27
5a0e6153-a4a,AEROBOOK AIR 13 - Used - Excellent - L@@K!!,$658.27,Used - Excellent,"Barely used, works great! Minor scuff on lid.",90.5,SG,0.0,,2025-06-12T00:00:00,5
a554b15b-937,WORKHORSE ELITEBOOK X - New - L@@K!!,$972.69,New,"Missing charger, otherwise good condition",87.5,US,0.0,19.0,2025-02-23T00:00:00,36
44005708-082,TravelLite 12 Laptop Open Box - FAST SHIP,$833.53,Open Box,"SCREEN HAS DEAD PIXEL - sold as is, no returns",89.0,SG,0.0,24.0,2026-04-19T00:00:00,35
1226b3ae-5b1,TravelLite 12 Laptop Open Box - FAST SHIP,"$1,066.91",Open Box,,85.9,CA,0.0,,2025-06-09T00:00:00,54
8b2b8ccf-f47,WorkHorse EliteBook X Laptop Used - Excellent - FAST SHIP,$544.88,Used - Excellent,"SCREEN HAS DEAD PIXEL - sold as is, no returns",87.0,UK,4.99,15.0,2026-02-09T00:00:00,35
a44a48f0-f0b,NimbusPad 2-in-1 (Used - Fair) Free Shipping,,Used - Fair,,87.5,SG,4.99,,2025-02-07T00:00:00,13
b40a5dfe-2ce,TITANFORCE 15 GAMING - Used - Excellent - L@@K!!,$635.69,Used - Excellent,"Keyboard sticky on a few keys, everything else works",96.3,DE,9.99,23.0,2025-05-24T00:00:00,41
32e6d73e-a37,NIMBUSPAD 2-IN-1 - Open Box - L@@K!!,,Open Box,"AS-IS FOR PARTS, board may be dead",99.4,CA,0.0,3.0,2025-10-30T00:00:00,23
4c7ebf24-3e0,Genuine NimbusPad 2-in-1 Used - Good Tested Working,$316.91,Used - Good,"SCREEN HAS DEAD PIXEL - sold as is, no returns",87.9,IN,0.0,,2025-04-14T00:00:00,9
646e8275-6bb,WorkHorse EliteBook X (Used - Excellent) Free Shipping,$739.57,Used - Excellent,"Like new, opened for inspection only",85.8,IN,9.99,,2026-03-25T00:00:00,48
525652e8-08b,WorkHorse EliteBook X (New) Free Shipping,"$1,280.05",New,"AS-IS FOR PARTS, board may be dead",94.5,CA,0.0,6.0,2025-04-06T00:00:00,39
aee7749b-7d5,NIMBUSPAD 2-IN-1 - Open Box - L@@K!!,$786.67,Open Box,"Keyboard sticky on a few keys, everything else works",88.8,CA,0.0,5.0,2025-02-08T00:00:00,16
fe5082cf-c9a,aerobook pro 14 open box bundle w/ charger,"$1,220.22",Open Box,"Like new, opened for inspection only",99.3,UK,9.99,23.0,2025-12-05T00:00:00,40
becd0c15-0bc,WorkHorse EliteBook X Laptop Open Box - FAST SHIP,$932.31,Open Box,"Keyboard sticky on a few keys, everything else works",89.9,IN,0.0,23.0,2026-02-19T00:00:00,3
55f75e22-1e4,TitanForce 15 Gaming Laptop Used - Excellent - FAST SHIP,$574.02,Used - Excellent,,91.2,DE,4.99,9.0,2025-03-25T00:00:00,15
7630e397-c37,NimbusPad 2-in-1 Laptop For Parts/Not Working - FAST SHIP,$48.10,For Parts/Not Working,"Like new, opened for inspection only",86.8,CA,4.99,15.0,2026-02-10T00:00:00,37
50fbb659-d54,NimbusPad 2-in-1 Laptop Open Box - FAST SHIP,,Open Box,"SCREEN HAS DEAD PIXEL - sold as is, no returns",85.1,IN,4.99,2.0,2025-06-05T00:00:00,3
462a039b-583,AeroBook Air 13 Laptop New - FAST SHIP,,New,"Tested and fully functional, battery holds charge ~4hrs",90.0,US,9.99,,2025-02-10T00:00:00,39
f200c5f5-8eb,aerobook air 13 open box bundle w/ charger,$874.39,Open Box,Cracked hinge but powers on fine,91.9,SG,0.0,,2026-06-12T00:00:00,6
4dfb1b80-686,AeroBook Air 13 (For Parts/Not Working) Free Shipping,$95.72,For Parts/Not Working,Cracked hinge but powers on fine,97.2,DE,0.0,9.0,2025-12-01T00:00:00,13
